sensor_id,trip_id,timestamp,elapsed_seconds,accel_x,accel_y,accel_z,speed_kmh,gps_lat,gps_lon,accel_magnitude,accel_lateral,accel_magnitude_smooth,accel_lateral_smooth,accel_delta,is_harsh_brake,is_harsh_accel,is_lateral_swerve,is_moderate_event,motion_score,jerk_score,is_low_speed,is_stationary,harsh_event_rolling5,hour_of_day,minute_of_day,is_rush_hour,is_night,trip_progress_frac,near_trip_start,near_trip_end,audio_score_fused,is_noise_spike,is_argument_signal,is_sustained_noise,audio_level_db_fused,combined_score,stress_severity
ACC167,TRIP001,2024-02-06 06:01:40,100,2.7,1.5,9.6,57,28.6719,77.2565,3.0951575081084326,3.0886890422961004,2.189840382987473,2.1846569448913353,0.0,0,0,1,1,0.6256686808535638,0.0,0,0,0.0,6,361,0,0,0.08410428931875526,1,0,0.8747733333333334,1.0,1.0,1.0,88.0,0.7377657744694601,high
ACC108,TRIP001,2024-02-06 06:12:00,720,1.0,0.8,9.7,53,28.6525,77.2256,1.2845232578665131,1.2806248474865698,2.233054488974529,2.118085737970197,0.043214105987055884,0,0,0,1,0.6380155682784369,0.013750233562516033,0,0,0.0,6,372,0,0,0.6055508830950378,0,0,0.7120533333333333,1.0,1.0,0.0,86.0,0.6713325625531403,medium
ACC117,TRIP001,2024-02-06 06:12:48,768,1.3,1.5,8.6,44,12.843,77.5256,2.319482700948641,1.9849433241279208,2.1286971691546217,2.015285308835353,-0.10435731981990726,0,0,1,1,0.6081991911870348,0.03320530388646063,0,0,0.0,6,372,0,0,0.6459209419680404,0,0,0.5066666666666666,0.0,0.0,0.0,70.0,0.5625095551528692,medium
ACC110,TRIP001,2024-02-06 06:13:48,828,2.2,1.7,9.7,39,12.8335,77.5164,2.7820855486487113,2.7802877548915688,2.8025411001868874,2.615271813056454,0.6738439310322657,0,1,1,0,0.800726028624825,0.2144094208301553,0,0,1.0,6,373,0,0,0.6963835155592936,0,0,0.5066666666666666,0.0,0.0,0.0,70.0,0.6683993157436537,medium
ACC207,TRIP001,2024-02-06 06:15:42,942,2.5,1.8,8.6,54,12.8269,77.5272,3.3060550509633084,3.0805843601498726,3.0944832204487036,2.9407635646778707,0.2919421202618162,0,1,1,0,0.8841380629853439,0.09289263884201447,0,0,2.0,6,375,0,0,0.7922624053826746,0,0,0.5066666666666666,0.0,0.0,0.0,70.0,0.7142759346419392,high
ACC091,TRIP001,2024-02-06 06:19:49,1189,2.9,0.6,8.6,27,19.2009,72.6205,3.195309061734092,2.9614185789921694,2.2416569701491267,2.088536578964007,-0.8528262502995769,0,0,1,1,0.6404734200426077,0.27135954480642155,0,0,2.0,6,379,0,0,1.0,0,1,0.49333333333333335,0.0,0.0,0.0,80.0,0.5742603810234342,medium
ACC001,TRIP001,2024-02-06 06:45:00,0,0.2,0.1,9.8,0,19.1334,72.8291,0.223606797749979,0.223606797749979,1.4263827953961112,1.3464752504246338,-0.8152741747530154,0,0,0,0,0.40753794154174605,0.2594109044787209,1,1,2.0,6,405,0,0,0.0,1,0,0.14666666666666667,0.0,0.0,0.0,52.0,0.29014586784796037,low
ACC002,TRIP001,2024-02-06 06:45:30,30,0.8,0.3,9.7,25,19.1289,72.8312,0.8602325267042629,0.8544003745317532,0.7997113227502775,0.792669057427244,-0.6266714726458338,0,0,0,0,0.22848894935722214,0.1993996848720449,0,0,2.0,6,405,0,0,0.025231286795626577,1,0,0.14666666666666667,0.0,0.0,0.0,52.0,0.1916689221464722,low
ACC003,TRIP001,2024-02-06 06:46:00,60,1.2,0.5,9.6,38,19.1245,72.8345,1.3152946437965907,1.3,0.8779282466654793,0.867204656677237,0.07821692391520185,0,0,0,0,0.2508366419044227,0.024887729314537275,0,0,1.0,6,406,0,0,0.050462573591253154,1,0,0.24666666666666667,0.0,0.0,0.0,55.0,0.24896015304743246,low
ACC004,TRIP001,2024-02-06 06:46:30,90,0.4,0.2,9.7,42,19.1198,72.8378,0.4582575694955844,0.447213595499958,0.6965933264363376,0.6878137871722654,-0.18133492022914166,0,0,0,0,0.19902666469609648,0.057698694656271955,0,0,0.0,6,406,0,0,0.07569386038687972,1,0,0.24666666666666667,0.0,0.0,0.0,55.0,0.22046466558285308,low
ACC005,TRIP001,2024-02-06 06:55:00,600,0.3,0.1,9.8,45,19.0698,72.8512,0.31622776601683794,0.31622776601683794,1.1183943052084035,1.060706228668787,0.4218009787720659,0,0,0,0,0.3195412300595439,0.13421224025208417,0,0,0.0,6,415,0,0,0.5046257359125316,0,0,0.24000000000000002,0.0,0.0,0.0,54.0,0.2837476765327491,low
ACC006,TRIP001,2024-02-06 07:02:30,1050,2.1,1.2,8.9,18,19.0596,72.8656,2.5806975801127883,2.4186773244895647,1.0401773812932018,0.9861706294187941,-0.07821692391520174,0,0,1,0,0.2971935375123434,0.02488772931453724,1,0,0.0,7,422,1,0,0.8830950378469302,0,1,0.2733333333333333,0.0,0.0,0.0,59.0,0.28645644563178885,low
ACC007,TRIP001,2024-02-06 07:03:00,1080,0.2,0.1,9.8,0,19.0596,72.8656,0.223606797749979,0.223606797749979,1.402152188931384,1.3211420611197722,0.36197480763818213,0,0,0,0,0.40061491112325254,0.11517623782990377,1,1,0.0,7,423,1,0,0.9083263246425568,0,1,0.2733333333333333,0.0,0.0,0.0,59.0,0.3433382011177889,low
ACC203,TRIP002,2024-02-06 06:00:15,15,0.7,1.9,9.5,48,19.1816,72.634,2.046948949045872,2.0248456731316584,2.62737596775748,2.565645293266736,0.0,1,0,1,0,0.7506788479307086,0.0,0,0,1.0,6,360,0,0,0.010869565217391304,1,0,0.24000000000000002,0.0,0.0,0.0,54.0,0.5208733663618897,medium
ACC048,TRIP002,2024-02-06 06:02:43,163,2.6,1.7,9.0,29,28.6464,77.2369,3.2078029864690882,3.1064449134018135,2.15846916569611,2.1159476975310385,-0.46890680206137025,0,0,1,1,0.6167054759131743,0.1492007736855088,0,0,1.0,6,362,0,0,0.11811594202898551,1,0,0.24000000000000002,0.0,0.0,0.0,54.0,0.4471880117522459,low
ACC232,TRIP002,2024-02-06 06:02:47,167,1.2,0.2,9.7,53,12.8401,77.4987,1.2206555615733703,1.2165525060596438,2.4154197029211777,2.3508220774175643,0.2569505372250678,0,0,0,1,0.6901199151203364,0.08175871790375454,0,0,1.0,6,362,0,0,0.12101449275362319,1,0,0.24000000000000002,0.0,0.0,0.0,54.0,0.48756595331618513,medium
ACC177,TRIP002,2024-02-06 06:08:00,480,2.7,0.4,9.1,42,12.8598,77.4939,2.8178005607210745,2.7294688127912363,1.9907880276252723,1.9281663166453011,-0.4246316752959054,0,0,1,1,0.5687965793215064,0.13511293546394518,0,0,1.0,6,368,0,0,0.34782608695652173,0,0,0.5933333333333333,1.0,0.0,0.0,95.0,0.5798381186268284,medium
ACC182,TRIP002,2024-02-06 06:19:16,1156,0.7,1.7,9.2,37,12.8298,77.4943,1.9339079605813718,1.8384776310850235,2.6327116886043007,2.5581304524260244,0.6419236609790284,0,1,1,0,0.7522033396012288,0.20425275650526872,0,0,2.0,6,379,0,0,0.8376811594202899,0,0,0.6533333333333333,1.0,0.0,0.0,92.0,0.7077118367806758,high
ACC214,TRIP002,2024-02-06 06:22:00,1320,2.6,1.7,9.3,32,19.1805,72.6215,3.146426544510455,3.1064449134018135,1.8136298775460753,1.768492557344412,-0.8190818110582254,0,0,1,1,0.5181799650131643,0.2606224507394126,0,0,1.0,6,382,0,0,0.9565217391304348,0,1,0.6533333333333333,1.0,0.0,0.0,92.0,0.5789989807572404,medium
ACC008,TRIP002,2024-02-06 07:15:00,0,0.3,0.2,9.8,0,19.0596,72.8656,0.36055512754639896,0.36055512754639896,1.5984638482431224,1.5733321498541268,-0.21516602930295292,0,0,0,1,0.4567039566408921,0.06846336607127704,1,1,1.0,7,435,1,0,0.0,1,0,0.13999999999999999,0.0,0.0,0.0,51.0,0.31418717615249064,low
ACC009,TRIP002,2024-02-06 07:15:30,30,1.1,0.6,9.5,32,19.0545,72.8678,1.2884098726725128,1.252996408614167,0.7468576595096246,0.7322155752150321,-0.8516061887334978,0,0,0,0,0.2133879027170356,0.2709713351903471,0,0,1.0,7,435,1,0,0.021739130434782608,1,0,0.13999999999999999,0.0,0.0,0.0,51.0,0.18036334649436958,low
ACC010,TRIP002,2024-02-06 07:16:00,60,0.5,0.3,9.7,48,19.0489,72.8702,0.5916079783099618,0.58309518948453,2.570609058570603,2.352081617517991,1.8237513990609786,0,1,0,0,0.7344597310201724,0.580296806430874,0,0,2.0,7,436,1,0,0.043478260869565216,1,0,0.3733333333333334,0.0,0.0,0.0,62.0,0.5719528520610948,medium
ACC011,TRIP002,2024-02-06 07:22:00,420,4.2,3.1,7.2,28,19.0123,72.8889,5.831809324729334,5.220153254455275,4.876504199536917,4.341119748804561,2.305895140966314,0,1,1,0,1.0,0.7337094227624394,0,0,2.0,7,442,1,0,0.30434782608695654,0,0,0.7278666666666668,1.0,1.0,0.0,88.0,0.8775400000000001,high
ACC012,TRIP002,2024-02-06 07:22:30,450,5.8,4.3,5.9,12,19.0098,72.8912,8.206095295571457,7.2201108024738785,7.780197467982326,6.822779930499891,2.9036932684454086,0,1,1,0,1.0,0.9239219399098361,1,0,3.0,7,442,1,0,0.32608695652173914,0,0,0.7773333333333334,1.0,1.0,1.0,92.0,0.8998000000000002,high
ACC013,TRIP002,2024-02-06 07:23:00,480,6.2,5.1,5.1,5,19.0078,72.8934,9.302687783646189,8.028075734570521,7.563493880810096,6.676117966043749,-0.21670358717222982,1,0,1,0,1.0,0.06895259937451312,1,0,4.0,7,443,1,0,0.34782608695652173,0,0,0.9083333333333333,1.0,1.0,1.0,95.0,0.95875,high
ACC014,TRIP002,2024-02-06 07:23:30,510,3.8,2.9,7.8,18,19.0056,72.8956,5.181698563212646,4.780167361086848,5.739172140200708,5.129646891923385,-1.8243217406093883,1,0,1,0,1.0,0.5804782825790417,1,0,5.0,7,443,1,0,0.3695652173913043,0,0,0.9258666666666667,1.0,1.0,1.0,94.0,0.96664,high
ACC015,TRIP002,2024-02-06 07:24:00,540,2.1,1.5,8.9,32,19.0034,72.8978,2.7331300737432898,2.5806975801127883,2.79102873548384,2.602692845566531,-2.948143404716868,1,0,1,0,0.7974367815668114,0.9380654641516961,0,0,5.0,7,444,1,0,0.391304347826087,0,0,0.8203333333333334,1.0,1.0,1.0,89.0,0.8077402298617464,high
ACC016,TRIP002,2024-02-06 07:30:00,900,0.4,0.2,9.7,52,18.9856,72.9123,0.4582575694955844,0.447213595499958,1.8217170144730963,1.7304139802970457,-0.9693117210107436,0,0,0,1,0.5204905755637418,0.3084238873939537,0,0,4.0,7,450,1,0,0.6521739130434783,0,0,0.3666666666666667,0.0,0.0,0.0,61.0,0.45126981656005805,medium
ACC017,TRIP002,2024-02-06 07:37:30,1350,1.8,1.2,9.1,15,18.9812,72.8234,2.273763400180415,2.1633307652783933,0.9852092558086595,0.9447170528427762,-0.8365077586644368,0,0,1,0,0.28148835880247414,0.26616718767566544,1,0,3.0,7,457,1,0,0.9782608695652174,0,1,0.2666666666666667,0.0,0.0,0.0,58.0,0.2748185973413608,low
ACC018,TRIP002,2024-02-06 07:38:00,1380,0.2,0.1,9.8,0,18.9801,72.8223,0.223606797749979,0.223606797749979,1.248685098965197,1.1934687815141853,0.2634758431565375,0,0,0,0,0.3567671711329134,0.08383499551207658,1,1,2.0,7,458,1,0,1.0,0,1,0.2666666666666667,0.0,0.0,0.0,58.0,0.3162219441231024,low
ACC199,TRIP003,2024-02-06 06:03:07,187,2.3,0.5,9.0,21,19.1954,72.6489,2.485960578931211,2.3537204591879637,2.1176230736924007,2.050072689422631,0.0,0,0,1,1,0.6050351639121144,0.0,0,0,0.0,6,363,0,0,0.12010276172125883,1,0,0.7753533333333334,1.0,1.0,1.0,91.0,0.6816783401516631,medium
ACC242,TRIP003,2024-02-06 06:10:00,600,0.7,1.6,9.7,20,28.6683,77.2436,1.7492855684535902,1.746424919657298,1.7383473481660243,1.5552769345981667,-0.37927572552637634,0,0,1,1,0.4966706709045784,0.12068119174193978,0,0,0.0,6,370,0,0,0.3853564547206166,0,0,0.7853999999999999,0.0,1.0,1.0,75.0,0.6265988689975182,medium
ACC144,TRIP003,2024-02-06 06:22:52,1372,0.4,0.4,9.0,31,12.8339,77.5026,0.9797958971132719,0.5656854249492381,1.499420688954092,1.3254806807719532,-0.23892665921193235,0,0,0,0,0.4284059111297406,0.07602372636055002,0,0,0.0,6,382,0,0,0.8811817597944765,0,1,0.6399999999999999,1.0,0.0,0.0,90.0,0.5236232511213573,medium
ACC217,TRIP003,2024-02-06 06:24:09,1449,1.4,0.9,9.2,10,28.6631,77.2269,1.7691806012954137,1.6643316977093237,1.524601752499384,1.2900463564480782,0.025181063545292037,0,0,1,1,0.4356005007141097,0.008012326003088807,1,0,0.0,6,384,0,0,0.930635838150289,0,1,0.6399999999999999,1.0,0.0,0.0,90.0,0.5275802753927603,medium
ACC052,TRIP003,2024-02-06 06:24:30,1470,1.0,1.3,9.0,58,19.2023,72.6327,1.8248287590894663,1.6401219466856727,1.6452167156282513,1.5283594972938552,0.12061496312886733,0,0,1,1,0.47006191875092895,0.03837829977676638,0,0,0.0,6,384,0,0,0.9441233140655106,0,1,0.6399999999999999,1.0,0.0,0.0,90.0,0.5465340553130109,medium
ACC125,TRIP003,2024-02-06 06:25:52,1552,0.8,1.0,9.4,28,19.1946,72.6295,1.341640786499874,1.2806248474865698,1.6142583356711206,1.5162096179274045,-0.03095837995713069,0,0,0,1,0.4612166673346059,0.009850601913531877,0,0,0.0,6,385,0,0,0.9967886962106616,0,1,0.5800000000000001,1.0,0.0,0.0,93.0,0.5146691670340333,medium
ACC061,TRIP003,2024-02-06 06:25:57,1557,1.6,0.3,9.4,60,28.6567,77.2281,1.6763054614240211,1.6278820596099708,1.1261671251567649,1.0896873448809798,-0.4880912105143558,0,0,1,0,0.3217620357590757,0.15530503272227497,0,0,0.0,6,385,0,0,1.0,0,1,0.5800000000000001,1.0,0.0,0.0,93.0,0.43796911966749175,low
ACC019,TRIP003,2024-02-06 07:52:00,0,0.3,0.2,9.8,0,18.9801,72.8223,0.36055512754639896,0.36055512754639896,1.0139493836941698,0.9911076557786601,-0.11221774146259511,0,0,0,0,0.28969982391261995,0.035706400022041646,1,1,0.0,7,472,1,0,0.0,1,0,0.15333333333333332,0.0,0.0,0.0,53.0,0.228334903151941,low
ACC020,TRIP003,2024-02-06 07:52:30,30,0.9,0.4,9.6,28,18.9823,72.8245,1.0049875621120892,0.9848857801796105,0.6523835559894833,0.6428453657368465,-0.3615658277046865,0,0,0,0,0.18639530171128094,0.11504610509940989,0,0,0.0,7,472,1,0,0.019267822736030827,1,0,0.15333333333333332,0.0,0.0,0.0,53.0,0.1715174159412045,low
ACC021,TRIP003,2024-02-06 08:00:00,480,0.5,0.3,9.7,55,19.0234,72.8456,0.5916079783099618,0.58309518948453,0.6849510366392119,0.6717315217213661,0.032567480649728586,0,0,0,0,0.19570029618263196,0.010362599323716755,0,0,0.0,8,480,1,0,0.30828516377649323,0,0,0.2733333333333333,0.0,0.0,0.0,59.0,0.23063516290044758,low
ACC022,TRIP003,2024-02-06 08:08:00,960,0.4,0.2,9.7,48,19.0789,72.8612,0.4582575694955844,0.447213595499958,1.0099215117092932,0.9723683371319364,0.32497047507008137,0,0,0,0,0.28854900334551237,0.10340188304425084,0,0,0.0,8,488,1,0,0.6165703275529865,0,0,0.2666666666666667,0.0,0.0,0.0,58.0,0.2787019518400318,low
ACC023,TRIP003,2024-02-06 08:14:30,1350,1.6,1.0,9.2,22,19.1123,72.8712,1.9798989873223336,1.886796226411321,0.8872544515226325,0.8525388732204194,-0.12266706018666074,0,0,1,0,0.25350127186360927,0.03903125355639711,0,0,0.0,8,494,1,0,0.8670520231213873,0,1,0.2533333333333333,0.0,0.0,0.0,56.0,0.25342569952498506,low
ACC024,TRIP003,2024-02-06 08:15:00,1380,0.2,0.1,9.8,0,19.1156,72.8734,0.223606797749979,0.223606797749979,1.1017528925361564,1.0552015120806502,0.2144984410135239,0,0,0,0,0.3147865407246161,0.06825094712395462,1,1,0.0,8,495,1,0,0.8863198458574181,0,1,0.2533333333333333,0.0,0.0,0.0,56.0,0.28713259739853886,low
ACC208,TRIP004,2024-02-06 06:02:41,161,1.2,0.7,8.9,21,19.1832,72.626,1.655294535724685,1.3892443989449805,1.5973874837793756,1.2331386801859407,0.0,0,0,0,1,0.45639642393696445,0.0,0,0,0.0,6,362,0,0,0.09126984126984126,1,0,0.2666666666666667,0.0,0.0,0.0,58.0,0.37101803316533044,low
ACC188,TRIP004,2024-02-06 06:02:45,165,1.0,0.4,8.7,39,12.8485,77.507,1.5394804318340662,1.077032961426901,2.1764804558884547,1.931646918596843,0.5790929721090792,0,0,0,1,0.6218515588252728,0.18426075095239766,0,0,0.0,6,362,0,0,0.0935374149659864,1,0,0.2666666666666667,0.0,0.0,0.0,58.0,0.46201835735390007,medium
ACC078,TRIP004,2024-02-06 06:04:31,271,2.8,1.8,9.6,23,19.1873,72.6302,3.334666400106613,3.3286633954186473,2.509776813803677,2.3377924396422025,0.33329635791522216,0,1,1,0,0.7170790896581934,0.10605108360318692,0,0,1.0,6,364,0,0,0.1536281179138322,0,0,0.2666666666666667,0.0,0.0,0.0,58.0,0.5143934993120064,medium
ACC067,TRIP004,2024-02-06 06:15:56,956,2.6,0.2,9.3,41,28.6545,77.2423,2.6551836094703507,2.6076809620810595,3.1309299716705588,3.0521975983735437,0.6211531578668819,0,1,1,0,0.8945514204773025,0.19764382031465244,0,0,2.0,6,375,0,0,0.5419501133786848,0,0,0.7541333333333334,0.0,1.0,1.0,71.0,0.8313632812625165,high
ACC128,TRIP004,2024-02-06 06:18:17,1097,2.9,1.4,8.7,47,28.645,77.2301,3.402939905434711,3.2202484376209237,2.5193745049683542,2.2825777674735135,-0.6115554667022045,1,0,1,0,0.7198212871338155,0.1945899449153849,0,0,3.0,6,378,0,0,0.6218820861678005,0,0,0.7541333333333334,0.0,1.0,1.0,71.0,0.7352617079235986,high
ACC046,TRIP004,2024-02-06 06:27:32,1652,0.2,1.0,8.7,59,12.8539,77.5134,1.500000000000001,1.019803902718557,1.926812114724642,1.6267882546942554,-0.5925623902437123,0,0,0,1,0.5505177470641834,0.18854656552780205,0,0,3.0,6,387,0,0,0.9365079365079365,0,1,0.18666666666666668,0.0,0.0,0.0,58.0,0.38678476088530095,low
ACC068,TRIP004,2024-02-06 06:29:24,1764,0.4,0.5,9.2,8,19.1819,72.6236,0.8774964387392132,0.6403124237432849,1.1887482193696073,0.830058163230921,-0.7380638953550347,0,0,0,0,0.33964234839131635,0.23484347791973206,1,0,3.0,6,389,0,0,1.0,0,1,0.18666666666666668,0.0,0.0,0.0,58.0,0.27080329161522404,low
ACC081,TRIP005,2024-02-06 06:11:42,702,0.7,1.3,8.8,31,12.8313,77.4977,1.783255450012701,1.47648230602334,1.6466111685334255,1.378553576754955,0.0,0,0,0,1,0.470460333866693,0.0,0,0,0.0,6,371,0,0,0.39841089670828606,0,0,0.4066666666666667,1.0,0.0,0.0,91.0,0.44175318362668115,low
ACC066,TRIP005,2024-02-06 06:16:08,968,0.8,1.0,9.0,6,28.6747,77.2482,1.5099668870541503,1.2806248474865698,2.0534255248110473,1.8723923609083093,0.40681435627762186,0,0,0,1,0.5866930070888706,0.12944366862703222,1,0,0.0,6,376,0,0,0.5493757094211124,0,0,0.43333333333333335,0.0,0.0,0.0,59.0,0.5176811538988788,medium
ACC224,TRIP005,2024-02-06 06:17:19,1039,2.3,1.7,9.6,2,19.1776,72.6415,2.86705423736629,2.8600699292150185,1.8164672179656007,1.5745966553953725,-0.2369583068454466,0,0,1,1,0.5189906337044573,0.07539741918250456,1,0,0.0,6,377,0,0,0.5896708286038592,0,0,0.43333333333333335,0.0,0.0,0.0,59.0,0.48044484853745156,medium
ACC084,TRIP005,2024-02-06 06:18:51,1131,0.5,0.3,8.9,57,28.6387,77.2401,1.072380529476361,0.58309518948453,2.358770731704759,2.1387929560544165,0.5423035137391581,0,0,0,1,0.6739344947727882,0.17255476667549516,0,0,0.0,6,378,0,0,0.6418842224744609,0,0,0.42666666666666664,0.0,0.0,0.0,82.0,0.5626639721250335,medium
ACC115,TRIP005,2024-02-06 06:19:15,1155,2.8,1.0,8.8,23,19.1708,72.6368,3.1368774282716245,2.973213749463701,1.687886110759913,1.4702364378266612,-0.6708846209448458,0,0,1,1,0.4822531745028323,0.21346780225546763,0,0,0.0,6,379,0,0,0.6555051078320091,0,0,0.42666666666666664,0.0,0.0,0.0,82.0,0.4572392459765578,medium
ACC055,TRIP005,2024-02-06 06:20:21,1221,0.3,0.8,9.8,33,28.6437,77.2526,0.8544003745317532,0.8544003745317532,2.1380286969068405,2.0490322749813648,0.4501425861469275,0,0,0,1,0.610865341973383,0.14323021510173636,0,0,0.0,6,380,0,0,0.6929625425652668,0,0,0.42666666666666664,0.0,0.0,0.0,82.0,0.5279759380853607,medium
ACC101,TRIP005,2024-02-06 06:29:22,1762,2.3,0.3,9.1,11,28.6648,77.261,2.4228082879171433,2.3194827009486403,1.6386043312244483,1.5869415377401968,-0.49942436568239224,0,0,1,1,0.46817266606412805,0.15891111288988077,1,0,0.0,6,389,0,0,1.0,0,1,0.8816666666666667,1.0,1.0,1.0,85.0,0.6542449663352705,medium
ACC116,TRIP006,2024-02-06 06:03:54,234,2.4,0.4,8.9,37,28.6616,77.2553,2.5942243542145698,2.4331050121192876,2.0130032302711025,1.8873728993095806,0.0,0,0,1,1,0.5751437800774578,0.0,0,0,0.0,6,363,0,0,0.20137693631669534,0,0,0.49333333333333335,0.0,0.0,0.0,80.0,0.5383290790426019,medium
ACC143,TRIP006,2024-02-06 06:09:29,569,0.6,1.2,9.3,31,12.8408,77.507,1.4317821063276353,1.3416407864998738,1.9994382509579358,1.859173812117052,-0.013564979313166692,0,0,0,1,0.5712680717022673,0.004316221047882143,0,0,0.0,6,369,0,0,0.48967297762478484,0,0,0.5133333333333333,1.0,0.0,0.0,95.0,0.5451974394362471,medium
ACC112,TRIP006,2024-02-06 06:15:31,931,1.0,1.5,9.0,48,19.1762,72.6231,1.9723082923316022,1.8027756377319946,1.2346967995530793,1.1226744073272825,-0.7647414514048565,0,0,1,0,0.3527705141580227,0.24333197069734588,0,0,0.0,6,375,0,0,0.8012048192771084,0,0,0.5466666666666666,0.0,0.0,0.0,76.0,0.44002378278691245,low
ACC083,TRIP006,2024-02-06 06:19:08,1148,0.1,0.2,9.6,57,28.655,77.2536,0.3000000000000007,0.223606797749979,1.6817977390346712,1.5239889492511818,0.4471009394815919,0,0,0,1,0.48051363972419175,0.14226239797101659,0,0,0.0,6,379,0,0,0.9879518072289156,0,1,0.6398400000000001,0.0,1.0,0.0,75.0,0.5522105018483054,medium
ACC200,TRIP006,2024-02-06 06:19:22,1162,1.8,1.8,8.7,48,12.8325,77.5023,2.77308492477241,2.545584412271571,1.5365424623862056,1.3845956050107753,-0.1452552766484656,0,0,1,1,0.43901213211034446,0.046218565315282505,0,0,0.0,6,379,0,0,1.0,0,1,0.6398400000000001,0.0,1.0,0.0,75.0,0.5293846726606894,medium
ACC216,TRIP007,2024-02-06 06:02:06,126,1.4,1.6,9.6,45,12.8442,77.5093,2.1354156504062622,2.12602916254693,2.286313585898525,2.255700625461121,0.0,0,0,1,1,0.6532324531138644,0.0,0,0,0.0,6,362,0,0,0.08229915088177661,1,0,0.49728000000000006,0.0,1.0,0.0,56.0,0.5830538492126254,medium
ACC181,TRIP007,2024-02-06 06:03:07,187,2.0,1.3,9.3,1,19.2037,72.643,2.4372115213907883,2.3853720883753127,2.1073042467502137,1.9571827672652624,-0.1790093391483114,0,0,1,1,0.6020869276429182,0.056958721392922185,1,0,0.0,6,363,0,0,0.12214239059438275,1,0,0.49728000000000006,0.0,1.0,0.0,56.0,0.554923810203605,medium
ACC136,TRIP007,2024-02-06 06:05:21,321,0.8,1.1,8.7,26,28.6457,77.2518,1.749285568453591,1.3601470508735445,1.907575413139367,1.7562245868072128,-0.1997288336108467,0,0,0,1,0.5450215466112477,0.0635514272154713,0,0,0.0,6,365,0,0,0.20966688438928804,0,0,0.18666666666666668,0.0,0.0,0.0,58.0,0.3837618506361863,low
ACC044,TRIP007,2024-02-06 06:07:31,451,1.4,0.6,9.6,48,28.6633,77.2471,1.5362291495737217,1.5231546211727816,1.7423878339740242,1.5158777899185498,-0.16518757916534277,0,0,1,1,0.4978250954211498,0.05256079567700471,0,0,0.0,6,367,0,0,0.294578706727629,0,0,0.6097333333333333,0.0,1.0,1.0,67.0,0.5481838024816323,medium
ACC097,TRIP007,2024-02-06 06:10:59,659,1.4,0.9,8.8,30,12.8514,77.5136,1.9416487838947598,1.6643316977093237,1.732780995625669,1.5702136466849623,-0.009606838348355184,0,0,1,1,0.4950802844644769,0.003056785928344484,0,0,0.0,6,370,0,0,0.43043762246897455,0,0,0.6097333333333333,0.0,1.0,1.0,67.0,0.5466741564554622,medium
ACC228,TRIP007,2024-02-06 06:15:02,902,1.4,0.6,9.0,33,12.8471,77.5121,1.7204650534085255,1.5231546211727816,1.896475776858205,1.630141651824915,0.163694781232536,0,0,1,1,0.5418502219594872,0.052085804472885334,0,0,0.0,6,375,0,0,0.589157413455258,0,0,0.735,0.0,1.0,1.0,68.0,0.628767622077718,medium
ACC183,TRIP007,2024-02-06 06:20:20,1220,0.1,1.7,8.7,8,19.1789,72.6159,2.02731349327133,1.70293863659264,2.007180648953424,1.7964746743479383,0.11070487209521884,0,0,1,1,0.5734801854152639,0.03522502231733498,1,0,0.0,6,380,0,0,0.7968647942521228,0,0,0.735,0.0,1.0,1.0,68.0,0.6461641019783952,medium
ACC063,TRIP007,2024-02-06 06:22:10,1330,1.2,1.8,9.1,15,28.6498,77.2651,2.273763400180415,2.1633307652783933,1.8460028603790146,1.6286911015298635,-0.16117778857440923,0,0,1,1,0.5274293886797184,0.051284926238015734,1,0,0.0,6,382,0,0,0.8687132593076421,0,1,0.735,0.0,1.0,1.0,68.0,0.6208361637738451,medium
ACC073,TRIP007,2024-02-06 06:25:31,1531,1.0,0.2,9.1,58,19.1889,72.6317,1.2369316876852987,1.019803902718557,1.755347543932857,1.5915673339984755,-0.09065531644615765,0,0,0,1,0.501527869695102,0.028845483351937165,0,0,0.0,6,385,0,0,1.0,0,1,0.43999999999999995,0.0,0.0,0.0,60.0,0.47384032833230605,medium
ACC051,TRIP008,2024-02-06 06:01:54,114,0.8,0.2,8.9,17,28.6503,77.2561,1.2206555615733705,0.8246211251235323,1.5336370464176547,1.2667109370935195,0.0,0,0,0,1,0.4381820132621871,0.0,1,0,0.0,6,361,0,0,0.06785714285714285,1,0,0.6280333333333333,0.0,1.0,1.0,53.0,0.5236151072942029,medium
ACC065,TRIP008,2024-02-06 06:02:25,145,1.6,0.6,9.1,34,19.202,72.6444,1.8466185312619392,1.7088007490635064,1.6379642080324162,1.4453991706396778,0.10432716161476141,0,0,1,1,0.4679897737235475,0.033195707891007065,0,0,0.0,6,362,0,0,0.08630952380952381,1,0,0.6280333333333333,0.0,1.0,1.0,53.0,0.5400093755479511,medium
ACC064,TRIP008,2024-02-06 06:07:51,471,1.8,0.1,9.4,3,19.1793,72.6335,1.8466185312619388,1.8027756377319946,1.955264386921307,1.7742178048076613,0.31730017888889095,0,0,1,1,0.558646967691802,0.10096128265287321,1,0,0.0,6,367,0,0,0.28035714285714286,0,0,0.6280333333333333,0.0,1.0,1.0,53.0,0.5898708322304911,medium
ACC075,TRIP008,2024-02-06 06:08:24,504,1.8,0.2,8.6,42,12.8248,77.5249,2.172556098240044,1.8110770276274835,2.4275361346393756,2.2400991929204306,0.47227174771806846,0,0,1,1,0.6935817527541073,0.1502714608523018,0,0,0.0,6,368,0,0,0.3,0,0,0.6280333333333333,0.0,1.0,1.0,53.0,0.664084964014759,medium
ACC088,TRIP008,2024-02-06 06:13:03,783,2.6,1.7,8.8,52,12.8264,77.5173,3.263433774416144,3.1064449134018135,2.540007613146781,2.3548709987958953,0.11247147850740546,0,1,1,0,0.7257164608990803,0.0357871362434655,0,0,1.0,6,373,0,0,0.4660714285714286,0,0,0.36,0.0,0.0,0.0,72.0,0.5611440534944941,medium
ACC163,TRIP008,2024-02-06 06:15:44,944,1.9,1.0,9.4,57,12.8565,77.495,2.1840329667841556,2.1470910553583886,2.254253794998964,1.930684149824551,-0.2857538181478172,0,0,1,1,0.6440725128568469,0.09092359198846194,0,0,1.0,6,375,0,0,0.5619047619047619,0,0,0.36,0.0,0.0,0.0,72.0,0.5162398820712658,medium
ACC130,TRIP008,2024-02-06 06:18:13,1093,0.5,0.2,8.6,18,12.8272,77.4899,1.3152946437965916,0.5385164807134505,1.9719789350998873,1.6979754839434327,-0.2822748598990765,0,0,0,1,0.5634225528856821,0.08981662732075008,1,0,1.0,6,378,0,0,0.6505952380952381,0,0,0.8542866666666666,1.0,1.0,0.0,97.0,0.6943114040871252,medium
ACC151,TRIP008,2024-02-06 06:20:27,1227,1.6,1.8,9.6,17,12.8421,77.5046,2.4166091947189146,2.4083189157584592,1.3641529886873016,1.102463508006103,-0.6078259464125857,0,0,1,0,0.3897579967678005,0.19340325427613478,1,0,1.0,6,380,0,0,0.7303571428571428,0,0,0.22666666666666666,0.0,0.0,0.0,64.0,0.3163668982222903,low
ACC025,TRIP008,2024-02-06 17:30:00,0,0.3,0.2,9.8,0,12.9698,77.75,0.36055512754639896,0.36055512754639896,1.3994771208735008,1.386039480749946,0.03532413218619923,0,0,0,0,0.3998506059638574,0.011239734268688052,1,1,1.0,17,1050,1,0,0.0,1,0,0.16,0.0,0.0,0.0,54.0,0.2919178332801216,low
ACC026,TRIP008,2024-02-06 17:30:30,30,1.2,0.7,9.5,35,12.9656,77.7478,1.4212670403551897,1.3892443989449805,0.8272740559671963,0.8068733065804388,-0.5722030649063046,0,0,0,0,0.2363640159906275,0.18206846139558977,0,0,0.0,17,1050,1,0,0.017857142857142856,1,0,0.16,0.0,0.0,0.0,54.0,0.20200020879484515,low
ACC027,TRIP008,2024-02-06 17:38:00,480,0.6,0.3,9.6,58,12.9523,77.7123,0.7000000000000003,0.6708203932499369,0.8896631992867855,0.8661937576361227,0.062389143319589224,0,0,0,0,0.2541894855105101,0.019851510816088592,0,0,0.0,17,1058,1,0,0.2857142857142857,0,0,0.4,0.0,0.0,0.0,66.0,0.3198042170307806,low
ACC028,TRIP008,2024-02-06 17:45:00,900,0.5,0.2,9.7,52,12.9389,77.6845,0.5477225575051664,0.5385164807134505,0.5686600423335837,0.5521834898211151,-0.3210031569532018,0,0,0,0,0.16247429780959535,0.10213952786003773,0,0,0.0,17,1065,1,0,0.5357142857142857,0,0,0.3733333333333334,0.0,0.0,0.0,62.0,0.2573608637952775,low
ACC029,TRIP008,2024-02-06 17:52:00,1320,0.4,0.2,9.7,48,12.9312,77.6612,0.4582575694955844,0.447213595499958,0.9773720518088577,0.9486125333290786,0.408712009475274,0,0,0,0,0.2792491576596736,0.1300474801393238,0,0,0.0,17,1072,1,0,0.7857142857142857,0,0,0.2733333333333333,0.0,0.0,0.0,59.0,0.2765870367128205,low
ACC030,TRIP008,2024-02-06 17:57:30,1650,1.5,1.1,9.3,25,12.9789,77.6412,1.9261360284258222,1.8601075237738274,0.8693334652237953,0.8436426390079216,-0.10803858658506238,0,0,1,0,0.24838099006394151,0.03437664080690908,0,0,0.0,17,1077,1,0,0.9821428571428571,0,1,0.26,0.0,0.0,0.0,57.0,0.2536095445351679,low
ACC031,TRIP008,2024-02-06 17:58:00,1680,0.2,0.1,9.8,0,12.9784,77.6408,0.223606797749979,0.223606797749979,1.0748714130879007,1.0418571607619032,0.2055379478641054,0,0,0,0,0.3071061180251145,0.06539982083485044,1,1,0.0,17,1078,1,0,1.0,0,1,0.26,0.0,0.0,0.0,57.0,0.285908364913813,low
ACC082,TRIP009,2024-02-06 06:09:26,566,0.2,0.7,8.7,16,19.1695,72.6269,1.319090595827293,0.7280109889280517,1.6095452979136466,1.2653933133300233,0.0,0,0,0,1,0.4598700851181848,0.0,1,0,0.0,6,369,0,0,0.36921069797782124,0,0,0.7704,1.0,1.0,1.0,90.0,0.5996085468150016,medium
ACC198,TRIP009,2024-02-06 06:11:58,718,0.1,1.8,9.2,25,28.6678,77.2622,1.9000000000000004,1.8027756377319946,1.447195937286492,1.0672023399699944,-0.16234936062715466,0,0,1,0,0.4134845535104263,0.05165770704633307,0,0,0.0,6,371,0,0,0.4683626875407697,0,0,0.7704,1.0,1.0,1.0,90.0,0.5740965044307345,medium
ACC105,TRIP009,2024-02-06 06:15:00,900,0.3,0.6,8.9,20,28.6567,77.2349,1.1224972160321827,0.6708203932499369,1.7082922733983488,1.3999545603817127,0.2610963361118568,0,0,0,1,0.48808350668524253,0.08307786362468286,0,0,0.0,6,375,0,0,0.5870841487279843,0,0,0.7704,1.0,1.0,1.0,90.0,0.6151259286768834,medium
ACC192,TRIP009,2024-02-06 06:16:11,971,0.3,1.7,8.6,6,12.8582,77.5168,2.102379604162864,1.7262676501632068,1.7867641568671029,1.5077057353200243,0.07847188346875411,0,0,1,1,0.5105040448191722,0.024968854524240525,1,0,0.0,6,376,0,0,0.6333985649054142,0,0,0.7704,1.0,1.0,1.0,90.0,0.6274572246505448,medium
ACC090,TRIP009,2024-02-06 06:21:53,1313,1.6,1.4,9.6,21,19.2044,72.6212,2.1354156504062622,2.12602916254693,2.035316474598689,1.8987352347229047,0.24855231773158626,0,0,1,1,0.5815189927424826,0.07908650065184065,0,0,0.0,6,381,0,0,0.8564905414220483,0,1,0.7129599999999999,0.0,1.0,1.0,66.0,0.6406674460083654,medium
ACC056,TRIP009,2024-02-06 06:24:36,1476,0.4,1.8,9.5,49,28.6717,77.2258,1.8681541692269406,1.8439088914585775,1.8221479011553274,1.7680348201393805,-0.2131685734433617,0,0,1,1,0.5206136860443793,0.06782779849506888,0,0,0.0,6,384,0,0,0.9628180039138943,0,1,0.7129599999999999,0.0,1.0,1.0,66.0,0.6071695273244087,medium
ACC204,TRIP009,2024-02-06 06:25:29,1529,1.3,0.3,9.2,14,12.8331,77.4896,1.46287388383278,1.3341664064126335,1.8906560117345483,1.836818685269777,0.0685081105792209,0,0,0,1,0.5401874319241566,0.021798496113123924,1,0,0.0,6,385,0,0,0.9973907371167645,0,1,0.7129599999999999,0.0,1.0,1.0,66.0,0.6179350875582861,medium
ACC174,TRIP009,2024-02-06 06:25:33,1533,2.0,1.2,9.6,60,28.6422,77.2401,2.340939982143925,2.33238075793812,1.9019069329883522,1.8332735821753767,0.011250921253803892,0,0,1,1,0.543401980853815,0.003579914277981779,0,0,0.0,6,385,0,0,1.0,0,1,0.7129599999999999,0.0,1.0,1.0,66.0,0.6197030894695983,medium
ACC148,TRIP010,2024-02-06 06:00:59,59,2.9,1.3,8.8,10,12.8552,77.5087,3.331666249791536,3.1780497164141406,3.1397734221941356,2.9353160599906962,0.0,1,0,1,0,0.8970781206268958,0.0,1,0,1.0,6,360,0,0,0.03277777777777778,1,0,0.6664,0.0,1.0,0.0,68.0,0.7932729663447927,high
ACC160,TRIP010,2024-02-06 06:03:21,201,2.3,1.4,8.6,10,19.1956,72.6274,2.947880594596735,2.692582403567252,2.8883063109211946,2.6440616442634077,-0.25146711127294097,1,0,1,0,0.8252303745489128,0.08001395457145073,1,0,2.0,6,363,0,0,0.11166666666666666,1,0,0.8808266666666668,1.0,1.0,1.0,86.0,0.8502487060019022,high
ACC195,TRIP010,2024-02-06 06:05:16,316,2.0,0.5,8.6,54,12.8242,77.5096,2.385372088375313,2.0615528128088303,2.9670550793181008,2.7509021177610875,0.07874876839690614,0,1,1,0,0.8477300226623145,0.025056956137014173,0,0,3.0,6,365,0,0,0.17555555555555555,0,0,0.8808266666666668,1.0,1.0,1.0,86.0,0.862623512464273,high
ACC149,TRIP010,2024-02-06 06:07:40,460,3.0,1.8,9.1,7,28.6378,77.2417,3.567912554982255,3.4985711369071804,2.91358553877028,2.772915598180918,-0.05346954054782094,1,0,1,0,0.8324530110772228,0.017013395376805497,1,0,4.0,6,367,0,0,0.25555555555555554,0,0,0.8808266666666668,1.0,1.0,1.0,86.0,0.8542211560924726,high
ACC079,TRIP010,2024-02-06 06:10:19,619,1.9,2.0,9.4,0,19.1833,72.6317,2.787471972953271,2.758622844826744,3.0041501930176033,2.891957102074496,0.09056465424732352,0,1,1,0,0.8583286265764581,0.028816635678688203,1,1,5.0,6,370,0,0,0.3438888888888889,0,0,0.2866666666666667,0.0,0.0,0.0,61.0,0.6010807446170521,medium
ACC095,TRIP010,2024-02-06 06:13:44,824,2.1,1.2,8.7,42,28.6497,77.2417,2.657066051117285,2.4186773244895647,2.7906647525771486,2.7015854676590663,-0.2134854404404547,1,0,1,0,0.7973327864506139,0.06792862194423584,0,0,5.0,6,373,0,0,0.4577777777777778,0,0,0.2866666666666667,0.0,0.0,0.0,61.0,0.5675330325478376,medium
ACC172,TRIP010,2024-02-06 06:15:59,959,2.9,0.4,9.8,55,28.6721,77.2575,2.9274562336608896,2.9274562336608896,2.215845622017213,1.9022295618989509,-0.5748191305599355,0,0,1,1,0.6330987491477752,0.18290086352287377,0,0,4.0,6,375,0,0,0.5327777777777778,0,0,0.93398,1.0,1.0,1.0,93.0,0.7684953120312764,high
ACC145,TRIP010,2024-02-06 06:18:46,1126,0.2,0.3,8.8,7,28.6751,77.2579,1.0630145812734648,0.36055512754639896,1.6533355954725402,1.4033219356455258,-0.562510026544673,0,0,0,1,0.47238159870644003,0.17898424761033213,1,0,3.0,6,378,0,0,0.6255555555555555,0,0,0.9219733333333332,1.0,1.0,1.0,88.0,0.674697879288542,medium
ACC168,TRIP010,2024-02-06 06:21:43,1303,0.7,0.6,9.5,49,19.1901,72.6241,0.969535971483266,0.9219544457292886,1.517490395475854,1.1832221276755381,-0.1358451999966861,0,0,0,1,0.43356868442167257,0.04322438670513368,0,0,2.0,6,381,0,0,0.7238888888888889,0,0,0.9219733333333332,1.0,1.0,1.0,88.0,0.6533507764319199,medium
ACC072,TRIP010,2024-02-06 06:26:44,1604,1.7,1.5,8.7,18,12.8479,77.5185,2.5199206336708313,2.2671568097509267,1.2833372442334987,1.1832221276755381,-0.23415315124235536,0,0,1,0,0.3666677840667139,0.07450485079908692,1,0,1.0,6,386,0,0,0.8911111111111111,0,1,0.9219733333333332,1.0,1.0,1.0,88.0,0.6165552812366926,medium
ACC032,TRIP010,2024-02-06 19:05:00,0,0.3,0.2,9.8,0,12.9352,77.6245,0.36055512754639896,0.36055512754639896,1.5139335112669485,1.4133878289856785,0.23059626703344982,0,0,0,1,0.43255243179055675,0.07337309098339327,1,1,0.0,19,1145,1,0,0.0,1,0,0.14666666666666667,0.0,0.0,0.0,52.0,0.3039038374848062,low
ACC033,TRIP010,2024-02-06 19:05:30,30,1.4,0.8,9.4,38,12.9312,77.6212,1.6613247725836149,1.6124515496597098,0.907293300043338,0.8812756901520152,-0.6066402112236106,0,0,1,0,0.2592266571552394,0.19302596692008983,0,0,0.0,19,1145,1,0,0.016666666666666666,1,0,0.14666666666666667,0.0,0.0,0.0,52.0,0.2085746614353817,low
ACC034,TRIP010,2024-02-06 19:15:00,600,0.6,0.3,9.6,62,12.8956,77.5823,0.7000000000000003,0.6708203932499369,2.514341111932087,2.3544797679988316,1.6070478118887492,0,1,0,0,0.7183831748377392,0.511344207056361,0,0,1.0,19,1155,1,0,0.3333333333333333,0,0,0.5333333333333333,0.0,0.0,0.0,74.0,0.6351107461607566,medium
ACC035,TRIP010,2024-02-06 19:22:00,1020,3.8,2.9,7.8,42,12.8712,77.5512,5.181698563212646,4.780167361086848,4.457230629214083,4.0243070022647025,1.9428895172819955,0,1,1,0,1.0,0.6182051910733405,0,0,2.0,19,1162,1,0,0.5666666666666667,0,0,0.7141333333333334,1.0,1.0,0.0,86.0,0.8713600000000001,high
ACC036,TRIP010,2024-02-06 19:22:30,1050,5.2,4.1,6.3,22,12.8689,77.5489,7.489993324429602,6.621933252457322,7.563890642514177,6.695139317327045,3.106660013300094,0,1,1,0,1.0,0.988503633396946,0,0,3.0,19,1162,1,0,0.5833333333333334,0,0,0.7702666666666669,1.0,1.0,1.0,91.0,0.8966200000000002,high
ACC037,TRIP010,2024-02-06 19:23:00,1080,6.8,5.4,4.8,8,12.8667,77.5467,10.01998003990028,8.683317338436964,7.957978131669603,7.022687468194618,0.39408748915542624,0,1,1,0,1.0,0.125394125278809,1,0,4.0,19,1163,1,0,0.6,0,0,0.9010666666666667,1.0,1.0,1.0,94.0,0.9554800000000001,high
ACC038,TRIP010,2024-02-06 19:23:30,1110,4.5,3.6,7.1,15,12.8645,77.5445,6.3639610306789285,5.762811813689564,6.7058573370327,5.982043050708843,-1.2521207946369026,1,0,1,0,1.0,0.3984104954039233,1,0,5.0,19,1163,1,0,0.6166666666666667,0,0,0.9408000000000001,1.0,1.0,1.0,96.0,0.9733600000000001,high
ACC039,TRIP010,2024-02-06 19:24:00,1140,2.8,2.1,8.5,28,12.8623,77.5423,3.733630940518894,3.5,3.5630666498359282,3.281969001058032,-3.142790687196772,1,0,1,0,1.0,1.0,0,0,5.0,19,1164,1,0,0.6333333333333333,0,0,0.851,1.0,1.0,1.0,93.0,0.9329500000000001,high
ACC040,TRIP010,2024-02-06 19:30:00,1500,0.5,0.3,9.7,55,12.8456,77.5234,0.5916079783099618,0.58309518948453,2.012321065230408,1.9158089623979517,-1.55074558460552,0,0,0,1,0.5749488757801167,0.4934294832051686,0,0,4.0,19,1170,1,0,0.8333333333333334,0,0,0.4,0.0,0.0,0.0,66.0,0.4962218816790642,medium
ACC041,TRIP010,2024-02-06 19:34:30,1770,1.4,0.9,9.4,18,12.8406,77.227,1.7117242768623688,1.6643316977093237,0.8423130176407699,0.8236778949812781,-1.1700080475896382,0,0,1,0,0.2406608621830771,0.3722831597904577,1,0,3.0,19,1174,1,0,0.9833333333333333,0,1,0.2666666666666667,0.0,0.0,0.0,58.0,0.25236347420069244,low
ACC042,TRIP010,2024-02-06 19:35:00,1800,0.2,0.1,9.8,0,12.8406,77.227,0.223606797749979,0.223606797749979,0.967665537306174,0.9439692477296522,0.12535251966540406,0,0,0,0,0.276475867801764,0.039885736004013954,1,1,2.0,19,1175,1,0,1.0,0,1,0.2666666666666667,0.0,0.0,0.0,58.0,0.2720617272909702,low
ACC155,TRIP011,2024-02-06 06:13:00,780,1.2,1.4,9.6,9,28.6562,77.2619,1.8547236990991407,1.8439088914585773,1.8245797717958885,1.7965972299560837,0.0,0,0,1,1,0.5213085062273967,0.0,1,0,0.0,6,373,0,0,0.4421768707482993,0,0,0.89388,1.0,1.0,1.0,87.0,0.6889656784250682,medium
ACC219,TRIP011,2024-02-06 06:13:11,791,0.9,1.5,9.4,58,19.179,72.6323,1.794435844492636,1.7492855684535902,1.975040292979995,1.937851597009873,0.15046052118410658,0,0,1,1,0.5642972265657129,0.047874814507074474,0,0,0.0,6,373,0,0,0.44841269841269843,0,0,0.89388,1.0,1.0,1.0,87.0,0.7126094746111421,high
ACC107,TRIP011,2024-02-06 06:28:25,1705,1.3,1.8,9.3,44,28.6559,77.2278,2.2759613353482084,2.220360331117452,1.9830755342154793,1.9166984270158427,0.00803524123548427,0,0,1,1,0.5665930097758513,0.0025567217276729758,0,0,0.0,6,388,0,0,0.9665532879818595,0,1,0.5933333333333333,0.0,0.0,0.0,83.0,0.5786261553767182,medium
ACC158,TRIP011,2024-02-06 06:29:04,1744,1.1,1.4,9.2,20,28.665,77.2513,1.878829422805594,1.7804493814764855,2.1863179380626883,2.0893221741149546,0.20324240384720893,0,0,1,1,0.6246622680179109,0.06466940502120808,0,0,0.0,6,389,0,0,0.9886621315192744,0,1,0.5933333333333333,0.0,0.0,0.0,83.0,0.6105642474098509,medium
ACC132,TRIP011,2024-02-06 06:29:24,1764,1.5,1.7,9.0,4,19.2044,72.6201,2.4041630560342617,2.2671568097509267,2.141496239419928,2.023803095613706,-0.04482169864276031,0,0,1,1,0.6118560684056937,0.014261751132634051,1,0,0.0,6,389,0,0,1.0,0,1,0.5933333333333333,1.0,0.0,0.0,95.0,0.6035208376231316,medium
ACC223,TRIP012,2024-02-06 06:07:18,438,1.1,1.6,8.7,8,19.1803,72.6172,2.2315913604421405,1.94164878389476,2.4061444702774644,2.138086144940255,0.0,0,0,1,1,0.6874698486507042,0.0,1,0,0.0,6,367,0,0,0.27616645649432536,0,0,0.56,0.0,0.0,0.0,78.0,0.6301084167578874,medium
ACC170,TRIP012,2024-02-06 06:11:09,669,2.3,0.4,8.7,34,28.6426,77.2617,2.5806975801127883,2.33452350598575,2.4720440846044123,2.2120856780405664,0.06589961432694791,0,0,1,1,0.706298309886975,0.020968502482654167,0,0,0.0,6,371,0,0,0.4218158890290038,0,0,0.56,0.0,0.0,0.0,78.0,0.6404640704378364,medium
ACC094,TRIP012,2024-02-06 06:11:16,676,1.9,1.4,8.7,57,12.8228,77.5159,2.603843313258308,2.360084744241189,2.443877316243162,2.1795057138951726,-0.028166768361250316,0,0,1,1,0.6982506617837606,0.008962343078079376,0,0,0.0,6,371,0,0,0.4262295081967213,0,0,0.56,0.0,0.0,0.0,78.0,0.6360378639810684,medium
ACC092,TRIP012,2024-02-06 06:17:27,1047,0.4,1.8,8.7,2,28.6688,77.2428,2.1470910553583895,1.8439088914585775,2.625544763411418,2.41676762601511,0.18166744716825622,0,1,1,0,0.7501556466889766,0.05780450091962548,1,0,1.0,6,377,0,0,0.6601513240857503,0,0,0.8805333333333334,1.0,1.0,0.0,97.0,0.8088256056789371,high
ACC059,TRIP012,2024-02-06 06:18:06,1086,2.8,1.2,9.1,7,19.1873,72.6411,3.125699921617557,3.046309242345563,2.7430466922649472,2.6149584914476574,0.11750192885352906,0,1,1,0,0.7837276263614135,0.03738776792619794,1,0,2.0,6,378,0,0,0.6847414880201765,0,0,0.2533333333333333,0.0,0.0,0.0,68.0,0.5450501944987775,medium
ACC175,TRIP012,2024-02-06 06:21:08,1268,2.7,1.2,9.7,14,19.1928,72.6289,2.9563490998188966,2.9546573405388314,2.5791145190537126,2.5429495474981216,-0.16393217321123466,1,0,1,0,0.736889862586775,0.052161339881484366,1,0,3.0,6,381,0,0,0.7994955863808323,0,0,0.30666666666666664,0.0,0.0,0.0,64.0,0.5432894244227263,medium
ACC218,TRIP012,2024-02-06 06:26:26,1586,1.1,1.2,9.5,41,12.8567,77.5048,1.655294535724685,1.6278820596099708,2.3058218177717906,2.291269700074401,-0.27329270128192196,0,0,1,1,0.6588062336490831,0.08695860732796264,0,0,3.0,6,386,0,0,1.0,0,1,0.4872,0.0,1.0,0.0,54.0,0.5815834285069957,medium
ACC221,TRIP013,2024-02-06 06:10:34,634,1.7,1.3,8.9,8,19.1896,72.6475,2.32163735324878,2.1400934559032696,2.1482395595309653,1.81335016531756,0.0,0,0,1,1,0.6137827312945615,0.0,1,0,0.0,6,370,0,0,0.419035029742234,0,0,0.48000000000000004,0.0,0.0,0.0,78.0,0.5535805022120088,medium
ACC096,TRIP013,2024-02-06 06:19:25,1165,1.0,1.1,8.5,18,28.6672,77.2323,1.9748417658131505,1.4866068747318506,2.4399074702093753,2.147575299566955,0.2916679106784099,0,0,0,1,0.6971164200598216,0.09280538849329624,1,0,0.0,6,379,0,0,0.7699933906146729,0,0,0.4848666666666667,0.0,1.0,0.0,52.0,0.6016040310329019,medium
ACC047,TRIP013,2024-02-06 06:21:06,1266,2.7,0.8,8.7,4,19.1879,72.6432,3.0232432915661955,2.816025568065745,2.423216131899818,2.179566806765795,-0.016691338309557047,0,0,1,1,0.6923474662570909,0.005310992672071638,1,0,0.0,6,381,0,0,0.836748182419035,0,0,0.6066666666666667,1.0,0.0,0.0,97.0,0.6537911064414,medium
ACC166,TRIP013,2024-02-06 06:23:52,1432,1.0,2.0,9.4,17,28.6517,77.2372,2.2715633383201093,2.23606797749979,2.726993522606222,2.64377651844771,0.30377739070640386,0,1,1,0,0.7791410064589206,0.09665848633952763,1,0,1.0,6,383,0,0,0.9464639788499669,0,1,0.6066666666666667,1.0,0.0,0.0,97.0,0.7015275535524064,high
ACC215,TRIP013,2024-02-06 06:25:13,1513,2.7,1.0,9.6,41,12.8432,77.5275,2.8861739379323628,2.879236009777594,2.578868638126236,2.557651993638692,-0.14812488447998629,1,0,1,0,0.7368196108932102,0.04713164165956818,0,0,2.0,6,385,0,0,1.0,0,1,0.6066666666666667,1.0,0.0,0.0,97.0,0.6782507859912656,medium
ACC069,TRIP014,2024-02-06 06:02:34,154,1.4,1.7,9.2,3,19.1769,72.62,2.282542442102666,2.202271554554524,2.491271221051333,2.4049762583177916,0.0,0,0,1,1,0.711791777443238,0.0,1,0,0.0,6,362,0,0,0.0873015873015873,1,0,0.5033333333333333,0.0,0.0,0.0,,0.6179854775937809,medium
ACC229,TRIP014,2024-02-06 06:04:43,283,2.6,0.2,9.1,23,19.1984,72.6421,2.7,2.6076809620810595,2.756292595711221,2.696732136668976,0.26502137465988795,0,1,1,0,0.787512170203206,0.08432676593434706,0,0,1.0,6,364,0,0,0.16043083900226757,0,0,0.5033333333333333,0.0,0.0,0.0,,0.6596316936117632,medium
ACC086,TRIP014,2024-02-06 06:08:04,484,2.6,2.0,9.6,56,28.6673,77.2624,3.286335345030997,3.2802438933713454,2.9960005163305747,2.9631970198043773,0.23970792061935375,0,1,1,0,0.8560001475230213,0.07627231479203676,0,0,2.0,6,368,0,0,0.2743764172335601,0,0,0.6333333333333333,1.0,0.0,0.0,89.0,0.7558000811376617,high
ACC194,TRIP014,2024-02-06 06:14:26,866,2.6,1.5,9.8,38,12.855,77.5269,3.001666203960727,3.001666203960727,3.1015407249304654,3.053715369036556,0.10554020859989066,0,1,1,0,0.8861544928372759,0.033581685547766395,0,0,3.0,6,374,0,0,0.4909297052154195,0,0,0.6333333333333333,1.0,0.0,0.0,89.0,0.7723849710605017,high
ACC109,TRIP014,2024-02-06 06:20:35,1235,2.7,1.0,8.9,31,28.6672,77.2472,3.0166206257996713,2.879236009777594,3.0831285713470336,3.035268437685914,-0.018412153583431845,1,0,1,0,0.8808938775277239,0.005858536382470529,0,0,4.0,6,380,0,0,0.7001133786848073,0,0,0.37333333333333335,0.0,0.0,0.0,74.0,0.6524916326402481,medium
ACC087,TRIP014,2024-02-06 06:26:42,1602,2.8,1.6,9.6,51,19.1729,72.647,3.2310988842807022,3.2249030993194197,2.715906503360124,2.5732295170791217,-0.3672220679869094,1,0,1,0,0.7759732866743212,0.11684585597218214,0,0,5.0,6,386,0,0,0.9081632653061225,0,1,0.37333333333333335,0.0,0.0,0.0,74.0,0.5947853076708767,medium
ACC104,TRIP014,2024-02-06 06:29:24,1764,1.5,0.6,8.8,40,28.6551,77.2317,1.9,1.6155494421403511,2.565549442140351,2.420226270729885,-0.15035706121977332,1,0,1,0,0.7330141263258145,0.0478418947314258,0,0,5.0,6,389,0,0,1.0,0,1,0.5033333333333333,0.0,0.0,0.0,,0.629657769479198,medium
ACC123,TRIP015,2024-02-06 06:00:58,58,1.5,0.7,9.1,22,28.6617,77.2405,1.7972200755611432,1.6552945357246849,1.4486100377805715,1.3684799591819408,0.0,0,0,1,0,0.41388858222302044,0.0,0,0,0.0,6,360,0,0,0.05625606207565471,1,0,0.6,1.0,0.0,0.0,96.0,0.4976387202226613,medium
ACC137,TRIP015,2024-02-06 06:07:54,474,0.9,0.6,9.6,4,28.661,77.237,1.1,1.0816653826391966,1.5964362894678645,1.5350380291969408,0.14782625168729302,0,0,0,1,0.4561246541336756,0.04703662012539161,1,0,0.0,6,367,0,0,0.4597478176527643,0,0,0.44,0.0,0.0,0.0,84.0,0.4488685597735216,low
ACC154,TRIP015,2024-02-06 06:08:09,489,1.8,0.5,9.5,2,12.8548,77.5285,1.8920887928424501,1.8681541692269406,1.507264882306762,1.4754339526298257,-0.0891714071611025,0,0,1,1,0.4306471092305034,0.028373320413724205,1,0,0.0,6,368,0,0,0.4742967992240543,0,0,0.44,0.0,0.0,0.0,84.0,0.43485591007677693,low
ACC186,TRIP015,2024-02-06 06:17:11,1031,0.7,1.3,9.4,58,12.8405,77.4936,1.5297058540778357,1.47648230602334,1.7108973234601432,1.6723182376251402,0.2036324411533812,0,0,0,1,0.48882780670289805,0.06479351042465134,0,0,0.0,6,377,0,0,1.0,0,1,0.6467333333333334,0.0,1.0,1.0,71.0,0.5598852936865939,medium
ACC179,TRIP016,2024-02-06 06:01:07,67,2.1,0.5,9.1,15,28.6536,77.2634,2.2693611435820435,2.1587033144922905,2.4920677678408447,2.296931223434737,0.0,0,0,1,1,0.7120193622402413,0.0,1,0,0.0,6,361,0,0,0.05532617671345995,1,0,0.4066666666666666,0.0,0.0,0.0,55.0,0.5746106492321328,medium
ACC239,TRIP016,2024-02-06 06:08:39,519,2.3,0.8,8.6,15,19.1912,72.6492,2.714774392099646,2.435159132377184,2.74098749460734,2.5853800356792846,0.24891972676649532,0,1,1,0,0.7831392841735257,0.079203405998546,1,0,1.0,6,368,0,0,0.42857142857142855,0,0,0.36,0.0,0.0,0.0,84.0,0.5927266062954392,medium
ACC156,TRIP016,2024-02-06 06:11:19,679,2.6,1.8,9.1,33,19.1708,72.6486,3.23882694814033,3.1622776601683795,2.883916284295461,2.762720533986768,0.14292878968812106,0,1,1,0,0.8239760812272746,0.04547830381144699,0,0,2.0,6,371,0,0,0.5606936416184971,0,0,0.8203333333333335,1.0,1.0,1.0,85.0,0.8223368446750012,high
ACC129,TRIP016,2024-02-06 06:17:54,1074,1.8,2.0,9.6,18,12.849,77.5283,2.6981475126464085,2.6907248094147422,2.4631861218067113,2.33105929822742,-0.42073016248874984,0,0,1,1,0.7037674633733461,0.1338715187755702,1,0,2.0,6,377,0,0,0.8868703550784476,0,1,0.3733333333333334,0.0,0.0,0.0,62.0,0.5550721048553404,medium
ACC213,TRIP016,2024-02-06 06:20:11,1211,0.3,1.1,8.9,28,12.8453,77.5211,1.4525839046333953,1.140175425099138,2.075365708639902,1.9154501172569403,-0.38782041316680926,0,0,0,1,0.592961631039972,0.12340001348060746,0,0,2.0,6,380,0,0,1.0,0,1,0.3733333333333334,0.0,0.0,0.0,62.0,0.49412889707198465,medium
ACC205,TRIP017,2024-02-06 06:02:27,147,1.3,1.5,9.1,29,28.6706,77.2576,2.104756517984919,1.9849433241279208,1.8724392323352959,1.708362715227778,0.0,0,0,1,1,0.5349826378100845,0.0,0,0,0.0,6,362,0,0,0.14148219441770934,1,0,0.34,0.0,0.0,0.0,69.0,0.44724045079554653,low
ACC162,TRIP017,2024-02-06 06:05:48,348,0.6,1.3,9.0,43,12.8426,77.521,1.640121946685673,1.4317821063276355,2.275695155385027,2.1657699302018094,0.403255923049731,0,0,0,1,0.6501986158242934,0.1283114159312395,0,0,0.0,6,365,0,0,0.33493743984600577,0,0,0.34,0.0,0.0,0.0,69.0,0.5106092387033614,medium
ACC231,TRIP017,2024-02-06 06:07:34,454,2.5,1.8,9.7,26,19.199,72.6137,3.082207001484488,3.0805843601498726,2.1533812226228126,1.9996577804031193,-0.12231393276221425,0,0,1,1,0.6152517778922322,0.03891889245456329,0,0,0.0,6,367,0,0,0.43695861405197306,0,0,0.7187866666666667,0.0,1.0,1.0,64.0,0.6618424778407277,medium
ACC127,TRIP017,2024-02-06 06:11:17,677,1.1,1.0,8.9,14,12.837,77.5191,1.7378147196982767,1.4866068747318506,2.416337760493663,2.306970564689896,0.2629565378708505,0,0,0,1,0.6903822172839037,0.08366975851815187,1,0,0.0,6,371,0,0,0.6515880654475458,0,0,0.46,0.0,0.0,0.0,75.0,0.5867102195061471,medium
ACC147,TRIP017,2024-02-06 06:15:05,905,2.3,0.5,9.2,59,12.8449,77.5092,2.428991560298224,2.3537204591879637,2.3698646913029777,2.1601343634695436,-0.04647306919068539,0,0,1,1,0.6771041975151365,0.01478719832663666,0,0,0.0,6,375,0,0,0.8710298363811357,0,1,0.8226400000000001,0.0,1.0,1.0,83.0,0.7425953086333252,high
ACC238,TRIP017,2024-02-06 06:17:19,1039,2.4,1.1,8.5,55,12.8227,77.5103,2.9427877939124327,2.640075756488817,2.6858896771053287,2.49689810783839,0.31602498580235094,0,1,1,0,0.7673970506015225,0.10055553081844945,0,0,1.0,6,377,0,0,1.0,0,1,0.5,0.0,0.0,0.0,81.0,0.6470683778308375,medium
ACC230,TRIP018,2024-02-06 06:04:15,255,0.9,1.5,8.9,57,19.1942,72.6306,1.9672315572906003,1.7492855684535902,2.2022215393406945,2.092222350415387,0.0,0,0,1,1,0.6292061540973413,0.0,0,0,0.0,6,364,0,0,0.14374295377677565,1,0,0.7921733333333333,0.0,1.0,1.0,76.0,0.7025413847535377,high
ACC134,TRIP018,2024-02-06 06:07:42,462,2.3,0.8,9.7,19,12.8443,77.5209,2.4372115213907883,2.435159132377184,2.4485104375506457,2.3751776449337743,0.24628889820995115,0,0,1,1,0.6995744107287559,0.07836630648464527,1,0,0.0,6,367,0,0,0.26042841037204056,0,0,0.7921733333333333,0.0,1.0,1.0,76.0,0.7412439259008157,high
ACC196,TRIP018,2024-02-06 06:07:43,463,2.4,1.7,9.8,52,12.8246,77.5004,2.9410882339705484,2.9410882339705484,2.952747427874133,2.947744843673225,0.5042369903234873,0,1,1,0,0.8436421222497523,0.16044243492818927,0,0,1.0,6,367,0,0,0.26099210822998875,0,0,0.26666666666666666,0.0,0.0,0.0,70.0,0.5840031672373638,medium
ACC062,TRIP018,2024-02-06 06:14:26,866,2.9,1.9,9.5,44,19.1764,72.6449,3.479942528261063,3.4669871646719432,3.0813832016434115,2.971356071956942,0.12863577376927848,0,1,1,0,0.8803952004695461,0.04093042985437118,0,0,2.0,6,374,0,0,0.4881623449830891,0,0,0.5800000000000001,1.0,0.0,0.0,93.0,0.7452173602582505,high
ACC141,TRIP018,2024-02-06 06:14:44,884,2.2,1.2,8.5,14,12.8375,77.5132,2.8231188426986216,2.505992817228334,2.67256806363597,2.4294248752322893,-0.4088151380074416,1,0,1,0,0.7635908753245628,0.1300802944570535,1,0,3.0,6,374,0,0,0.4983089064261556,0,0,0.5800000000000001,1.0,0.0,0.0,93.0,0.6809749814285097,medium
ACC111,TRIP018,2024-02-06 06:22:37,1357,0.2,1.3,8.7,29,19.202,72.6337,1.7146428199482255,1.3152946437965907,1.718067687647915,1.4532679805794586,-0.9545003759880548,0,0,0,1,0.4908764821851186,0.303711087052834,0,0,3.0,6,382,0,0,0.7649379932356257,0,0,0.5266666666666666,0.0,0.0,0.0,73.0,0.5069820652018152,medium
ACC139,TRIP018,2024-02-06 06:28:12,1692,0.5,0.2,9.5,38,19.1917,72.6463,0.616441400296898,0.5385164807134505,0.901749986307506,0.6924726407533401,-0.816317701340409,0,0,0,0,0.257642853230716,0.25974294268656106,0,0,3.0,6,388,0,0,0.9537767756482526,0,1,0.5266666666666666,0.0,0.0,0.0,73.0,0.3787035692768938,low
ACC184,TRIP018,2024-02-06 06:29:34,1774,0.2,0.1,9.5,15,12.852,77.4937,0.3741657386773947,0.223606797749979,0.49530356948714627,0.3810616392317149,-0.40644641682035976,0,0,0,0,0.14151530556775607,0.12932659450600945,1,0,2.0,6,389,0,0,1.0,0,1,0.5386955555555556,0.0,0.0,0.0,,0.32024641806226584,low
ACC185,TRIP019,2024-02-06 06:04:19,259,2.3,1.1,9.5,30,12.8206,77.4999,2.567099530598687,2.5495097567963922,2.294737186107178,2.0886959082031815,0.0,0,0,1,1,0.6556391960306224,0.0,0,0,0.0,6,364,0,0,0.1559301625526791,0,0,0.38666666666666666,0.0,0.0,0.0,52.0,0.5346015578168424,medium
ACC054,TRIP019,2024-02-06 06:04:43,283,1.6,0.3,8.6,7,12.8345,77.5292,2.0223748416156693,1.6278820596099708,2.3108497583287844,2.098784608816024,0.016112572221606225,0,0,1,1,0.6602427880939384,0.005126835931914357,1,0,0.0,6,364,0,0,0.1703792895845876,0,0,0.38666666666666666,0.0,0.0,0.0,52.0,0.5371335334516661,medium
ACC076,TRIP019,2024-02-06 06:06:58,418,2.0,0.7,8.8,8,28.6582,77.2627,2.3430749027719964,2.118962010041709,2.0159033761712464,1.8007128684587883,-0.294946382157538,0,0,1,1,0.5759723931917847,0.09384856056723806,1,0,0.0,6,366,0,0,0.25165562913907286,0,0,0.97524,1.0,1.0,1.0,96.0,0.7556428162554816,high
ACC153,TRIP019,2024-02-06 06:18:23,1103,1.5,0.7,9.5,24,28.6569,77.2313,1.6822603841260722,1.6552945357246849,1.9546043059943639,1.8709113922838059,-0.06129907017688252,0,0,1,1,0.5584583731412468,0.01950466202747932,0,0,0.0,6,378,0,0,0.6640577965081277,0,0,0.2733333333333333,0.0,0.0,0.0,59.0,0.43015210522768577,low
ACC133,TRIP019,2024-02-06 06:27:41,1661,1.7,0.7,9.8,7,28.6648,77.2314,1.8384776310850235,1.8384776310850235,1.7603690076055476,1.7468860834048543,-0.19423529838881626,0,0,1,1,0.502962573601585,0.06180344722927297,1,0,0.0,6,387,0,0,1.0,0,1,0.26,0.0,0.0,0.0,57.0,0.39362941548087177,low
ACC220,TRIP020,2024-02-06 06:04:49,289,2.8,0.7,9.4,42,19.1791,72.6333,2.913760456866693,2.886173937932362,2.6036147225513178,2.5351034523582587,0.0,1,0,1,0,0.7438899207289479,0.0,0,0,1.0,6,364,0,0,0.2132841328413284,0,0,0.4185733333333334,0.0,0.0,0.0,,0.5974974564009214,medium
ACC226,TRIP020,2024-02-06 06:12:26,746,2.1,0.6,9.1,18,19.1946,72.6118,2.293468988235943,2.1840329667841556,2.8773794010037927,2.7819582585161187,0.273764678452475,0,1,1,0,0.8221084002867979,0.08710878505773503,1,0,2.0,6,372,0,0,0.5505535055350553,0,0,0.6557200000000001,0.0,1.0,0.0,67.0,0.747233620157739,high
ACC197,TRIP020,2024-02-06 06:20:47,1247,2.8,1.7,8.8,11,28.6643,77.2476,3.4249087579087414,3.27566787083184,2.5744571705736754,2.432726156233673,-0.30292223043011735,1,0,1,0,0.7355591915924787,0.09638638413438547,1,0,3.0,6,380,0,0,0.9202952029520295,0,1,0.38,0.0,0.0,0.0,51.0,0.5755575553758634,medium
ACC201,TRIP020,2024-02-06 06:22:35,1355,1.3,1.3,9.0,13,19.1927,72.6209,2.0049937655763426,1.8384776310850237,2.7149512617425415,2.5570727509584317,0.14049409116886613,0,1,1,0,0.7757003604978691,0.04470361062899182,1,0,4.0,6,382,0,0,1.0,0,1,0.38,0.0,0.0,0.0,51.0,0.597635198273828,medium
ACC165,TRIP021,2024-02-06 06:10:18,618,0.7,0.8,9.1,15,12.8476,77.5076,1.2727922061357861,1.063014581273465,1.4142135623730954,1.2831721095553779,0.0,0,0,0,0,0.4040610178208844,0.0,1,0,0.0,6,370,0,0,0.40025906735751293,0,0,0.41333333333333333,0.0,0.0,0.0,80.0,0.40823355980148646,low
ACC057,TRIP021,2024-02-06 06:15:29,929,0.1,1.5,9.4,32,12.8245,77.5067,1.5556349186104046,1.5033296378372907,1.7379330710405012,1.6329083256829584,0.32371950866740584,0,0,1,1,0.4965523060115718,0.10300383986314694,0,0,0.0,6,375,0,0,0.6016839378238342,0,0,0.5933333333333333,0.0,0.0,0.0,83.0,0.5401037683063645,medium
ACC050,TRIP021,2024-02-06 06:15:46,946,1.2,2.0,9.3,35,19.1871,72.6198,2.3853720883753127,2.33238075793812,1.950501441479999,1.8932064290779962,0.21256837043949783,0,0,1,1,0.5572861261371426,0.06763682077380065,0,0,0.0,6,375,0,0,0.6126943005181347,0,0,0.5933333333333333,0.0,0.0,0.0,83.0,0.5735073693754285,medium
ACC211,TRIP021,2024-02-06 06:16:51,1011,1.4,1.2,9.3,43,19.1729,72.6409,1.9104973174542799,1.8439088914585773,2.228476678299766,2.15367386038529,0.27797523681976677,0,0,1,1,0.6367076223713617,0.08844853650362193,0,0,0.0,6,376,0,0,0.6547927461139896,0,0,0.5933333333333333,0.0,0.0,0.0,83.0,0.617189192304249,medium
ACC150,TRIP021,2024-02-06 06:17:22,1042,2.1,0.9,9.1,30,19.1857,72.6387,2.3895606290697047,2.2847319317591728,1.624838070392596,1.4704945118974566,-0.6036386079071698,0,0,1,1,0.46423944868359884,0.19207089112434284,0,0,0.0,6,377,0,0,0.6748704663212435,0,0,0.5933333333333333,0.0,0.0,0.0,83.0,0.5223316967759793,medium
ACC159,TRIP021,2024-02-06 06:18:28,1108,0.2,0.2,9.3,58,28.6728,77.2449,0.5744562646538028,0.28284271247461906,1.6386463411059407,1.4847902902150374,0.013808270713344672,0,0,0,1,0.4681846688874116,0.004393633584825539,0,0,0.0,6,378,0,0,0.7176165803108808,0,0,0.5933333333333333,0.0,0.0,0.0,83.0,0.5245015678880764,medium
ACC189,TRIP021,2024-02-06 06:20:23,1223,1.6,1.0,9.3,6,28.6592,77.2383,1.9519221295943137,1.886796226411321,1.5624655575818494,1.4240061810162679,-0.0761807835240913,0,0,1,1,0.44641873073767124,0.02423985276348172,1,0,0.0,6,380,0,0,0.792098445595855,0,0,0.5933333333333333,0.0,0.0,0.0,83.0,0.5125303019057191,medium
ACC049,TRIP021,2024-02-06 06:22:52,1372,0.9,1.9,9.3,38,12.8265,77.5035,2.1610182784974308,2.1023796041628637,1.950251709263341,1.7781794117605187,0.38778615168149155,0,0,1,1,0.5572147740752402,0.12338911186840106,0,0,0.0,6,382,0,0,0.8886010362694301,0,1,0.7406,1.0,1.0,0.0,87.0,0.6397381257413821,medium
ACC176,TRIP021,2024-02-06 06:23:55,1435,1.0,0.9,8.7,60,19.1912,72.6286,1.7378147196982776,1.3453624047073711,1.923220563860893,1.75017254886741,-0.027031145402447887,0,0,0,1,0.5494915896745408,0.008601000859703594,0,0,0.0,6,383,0,0,0.9294041450777202,0,1,0.7406,1.0,1.0,0.0,87.0,0.6354903743209974,medium
ACC053,TRIP021,2024-02-06 06:25:25,1525,1.7,0.6,9.3,57,12.8257,77.4949,1.8708286933869707,1.8027756377319946,2.1102583102828296,1.9262424433441823,0.1870377464219366,0,0,1,1,0.6029309457950942,0.059513268632205935,0,0,0.0,6,385,0,0,0.9876943005181347,0,1,0.7406,1.0,1.0,0.0,87.0,0.6648820201873018,medium
ACC070,TRIP021,2024-02-06 06:25:43,1543,2.6,0.4,9.1,13,28.6707,77.2641,2.7221315177632404,2.6305892875931813,1.7520950564070974,1.6886068191196173,-0.3581632538757322,0,0,1,1,0.500598587544885,0.1139634450791878,1,0,0.0,6,385,0,0,0.9993523316062176,0,1,0.7406,1.0,1.0,0.0,87.0,0.6085992231496868,medium
ACC114,TRIP021,2024-02-06 06:25:44,1544,0.2,0.6,9.6,39,19.197,72.6361,0.6633249580710803,0.6324555320336759,1.6927282379171604,1.6315224098134287,-0.05936681848993697,0,0,0,1,0.483636639404903,0.018889841672176232,0,0,0.0,6,385,0,0,1.0,0,1,0.7406,1.0,1.0,0.0,87.0,0.5992701516726966,medium
ACC225,TRIP022,2024-02-06 06:20:23,1223,1.2,0.4,9.6,49,12.8551,77.514,1.28062484748657,1.2649110640673518,1.9441529047838149,1.8366149899129054,0.0,0,0,0,1,0.5554722585096614,0.0,0,0,0.0,6,380,0,0,0.6802002224694105,0,0,0.8253600000000001,1.0,1.0,1.0,96.0,0.6769217421803139,medium
ACC138,TRIP022,2024-02-06 06:21:20,1280,1.8,1.6,8.8,7,19.2027,72.6415,2.6076809620810595,2.4083189157584592,2.0399657233365898,1.9307306632891734,0.0958128185527749,0,0,1,1,0.5828473495247399,0.030486541449642524,1,0,0.0,6,381,0,0,0.7119021134593994,0,0,0.8253600000000001,1.0,1.0,1.0,96.0,0.691978042238607,medium
ACC169,TRIP022,2024-02-06 06:21:25,1285,2.0,0.7,9.1,37,28.6708,77.2505,2.23159136044214,2.118962010041709,2.5283927886907986,2.4146321557471313,0.4884270653542089,0,1,1,0,0.7223979396259425,0.15541189788552665,0,0,1.0,6,381,0,0,0.7146829810901001,0,0,0.8253600000000001,1.0,1.0,1.0,96.0,0.7687308667942685,high
ACC222,TRIP022,2024-02-06 06:23:23,1403,2.7,0.3,9.4,32,28.6705,77.2549,2.7459060435491964,2.716615541441225,2.607849099380959,2.5457875655691047,0.07945631069016024,0,1,1,0,0.745099742680274,0.025282087990731478,0,0,2.0,6,383,0,0,0.7803114571746385,0,0,0.8253600000000001,1.0,1.0,1.0,96.0,0.7812168584741508,high
ACC077,TRIP022,2024-02-06 06:25:39,1539,2.8,0.1,9.3,36,28.6493,77.238,2.846049894151541,2.80178514522438,2.871733076422311,2.838355166473315,0.26388397704135214,0,1,1,0,0.8204951646920888,0.08396485903957059,0,0,3.0,6,385,0,0,0.8559510567296996,0,1,0.38666666666666666,1.0,0.0,0.0,88.0,0.6252723405806488,medium
ACC103,TRIP022,2024-02-06 06:25:46,1546,2.7,1.3,9.4,32,28.6768,77.2492,3.023243291566195,2.9966648127543394,2.7592040338253985,2.6288370865869433,-0.11252904259691254,1,0,1,0,0.7883440096643995,0.035805452477423304,0,0,4.0,6,385,0,0,0.8598442714126807,0,1,0.38666666666666666,1.0,0.0,0.0,88.0,0.6075892053154197,medium
ACC142,TRIP022,2024-02-06 06:26:06,1566,2.0,0.6,8.6,48,28.6608,77.2262,2.4083189157584597,2.08806130178211,2.659703349298685,2.5381827475570513,-0.09950068452671346,1,0,1,0,0.7599152426567671,0.03165997816274032,0,0,5.0,6,386,0,0,0.8709677419354839,0,1,0.9777599999999999,1.0,1.0,1.0,96.0,0.8579453834612218,high
ACC173,TRIP022,2024-02-06 06:28:52,1732,2.4,0.8,9.5,0,28.6643,77.2412,2.5475478405713994,2.5298221281347035,2.096677720914165,1.733659539800448,-0.5630256283845201,0,0,1,1,0.5990507774040471,0.17914830621020886,1,1,4.0,6,388,0,0,0.9632925472747497,0,1,0.9777599999999999,1.0,1.0,1.0,96.0,0.7694699275722259,high
ACC080,TRIP022,2024-02-06 06:29:58,1798,0.5,0.3,8.6,35,28.6493,77.2519,1.3341664064126344,0.58309518948453,1.9408571234920171,1.556458658809617,-0.15582059742214782,0,0,0,1,0.5545306067120049,0.04958032937317018,0,0,3.0,6,389,0,0,1.0,0,1,0.9777599999999999,1.0,1.0,1.0,96.0,0.7449838336916027,high
ACC233,TRIP023,2024-02-06 06:01:18,78,0.9,1.7,9.4,8,28.6507,77.2312,1.96468827043885,1.9235384061671343,2.456284432517793,2.393551309411203,0.0,0,0,1,1,0.7017955521479408,0.0,1,0,0.0,6,361,0,0,0.04785276073619632,1,0,0.56,1.0,0.0,0.0,90.0,0.6379875536813675,medium
ACC131,TRIP023,2024-02-06 06:03:30,210,2.6,1.2,9.1,28,19.1913,72.6401,2.9478805945967355,2.863564212655271,2.0604755396935124,1.9970873589005451,-0.39580889282428044,0,0,1,1,0.5887072970552892,0.125941856209751,0,0,0.0,6,363,0,0,0.12883435582822086,1,0,0.56,1.0,0.0,0.0,90.0,0.5757890133804091,medium
ACC237,TRIP023,2024-02-06 06:12:02,722,0.8,0.9,9.4,5,19.1774,72.6101,1.2688577540449522,1.2041594578792296,2.3548481739404385,2.29989470741192,0.29437263424692617,0,0,0,1,0.6728137639829824,0.09366600055363321,1,0,0.0,6,372,0,0,0.4429447852760736,0,0,0.5699333333333334,0.0,1.0,0.0,53.0,0.6265175701906405,medium
ACC093,TRIP023,2024-02-06 06:18:22,1102,2.1,1.9,9.5,12,12.8201,77.5263,2.8478061731796283,2.831960451701259,1.7404000096477688,1.6301734280374138,-0.6144481642926698,0,0,1,1,0.4972571456136482,0.19551036815650294,1,0,0.0,6,378,0,0,0.6760736196319018,0,0,0.7644,0.0,1.0,1.0,80.0,0.6174714300875066,medium
ACC161,TRIP023,2024-02-06 06:27:10,1630,0.3,0.8,9.1,15,12.8561,77.4911,1.1045361017187267,0.8544003745317532,1.9761711374491768,1.8431804131165062,0.23577112780140808,0,0,0,1,0.5646203249854791,0.07501967240831597,1,0,0.0,6,387,0,0,1.0,0,1,0.5,0.0,0.0,0.0,81.0,0.5355411787420136,medium
ACC193,TRIP024,2024-02-06 06:02:02,122,1.8,1.2,8.9,7,28.6522,77.2305,2.3430749027719964,2.1633307652783933,1.8291847732842934,1.5088655699050733,0.0,0,0,1,1,0.5226242209383696,0.0,1,0,0.0,6,362,0,0,0.07172251616696061,1,0,0.6199999999999999,1.0,0.0,0.0,87.0,0.5664433215161033,medium
ACC235,TRIP024,2024-02-06 06:09:50,590,0.8,0.3,8.8,40,28.6584,77.2298,1.3152946437965904,0.8544003745317532,2.061411911543868,1.8472056775449797,0.23222713825957464,0,0,0,1,0.5889748318696766,0.07389201552799267,0,0,0.0,6,369,0,0,0.34685479129923574,0,0,0.13333333333333333,0.0,0.0,0.0,50.0,0.38393615752832216,low
ACC140,TRIP024,2024-02-06 06:15:59,959,2.1,1.4,9.7,32,28.6741,77.2429,2.5258661880630178,2.5238858928247927,2.102984455903407,1.904269924447432,0.041572544359539165,0,0,1,1,0.6008527016866878,0.013227907454638668,0,0,0.0,6,375,0,0,0.5637860082304527,0,0,0.3,0.0,0.0,0.0,63.0,0.4654689859276783,medium
ACC240,TRIP024,2024-02-06 06:25:05,1505,2.3,0.4,9.0,21,28.6624,77.2562,2.4677925358506134,2.33452350598575,2.6213995809316986,2.5669811598403074,0.5184151250282913,0,1,1,0,0.7489713088376282,0.16495375499877604,0,0,1.0,6,385,0,0,0.8847736625514403,0,1,0.52,0.0,0.0,0.0,72.0,0.6459342198606955,medium
ACC178,TRIP024,2024-02-06 06:25:20,1520,2.2,1.8,9.4,53,28.6751,77.2421,2.870540018881465,2.8425340807103794,2.879444184910693,2.800653562005183,0.2580446039789943,0,1,1,0,0.8226983385459122,0.08210683741371223,0,0,2.0,6,385,0,0,0.8935920047031158,0,1,0.52,0.0,0.0,0.0,72.0,0.6864840862002518,medium
ACC121,TRIP024,2024-02-06 06:27:35,1655,2.8,1.6,9.1,52,28.6759,77.2361,3.3000000000000003,3.2249030993194197,3.039473537826067,2.977000464228356,0.160029352915374,0,1,1,0,0.8684210108074477,0.05091950716517905,0,0,3.0,6,387,0,0,0.9729570840681951,0,1,0.52,0.0,0.0,0.0,72.0,0.7116315559440963,high
ACC122,TRIP024,2024-02-06 06:28:21,1701,2.8,0.6,9.1,48,28.648,77.2594,2.947880594596735,2.8635642126552705,3.1239402972983674,3.0442336559873446,0.08446675947230053,0,1,1,0,0.8925543706566764,0.026876355404896878,0,0,4.0,6,388,0,0,1.0,0,1,0.52,0.0,0.0,0.0,72.0,0.7249049038611721,high
ACC146,TRIP025,2024-02-06 06:00:02,2,2.0,1.1,9.0,12,12.8546,77.5223,2.418677324489565,2.2825424421026654,1.8217110979405777,1.410529461408058,0.0,0,0,1,1,0.5204888851258793,0.0,1,0,0.0,6,360,0,0,0.0015625,1,0,0.6026666666666667,0.0,1.0,1.0,62.0,0.5574688868192337,medium
ACC234,TRIP025,2024-02-06 06:02:42,162,0.2,0.5,8.7,60,28.6561,77.25,1.2247448713915903,0.5385164807134505,1.3939795588648687,1.1198584678431889,-0.42773153907570904,0,0,0,0,0.39827987396139103,0.13609927661368576,0,0,0.0,6,362,0,0,0.1265625,1,0,0.6026666666666667,0.0,1.0,1.0,62.0,0.4902539306787651,medium
ACC099,TRIP025,2024-02-06 06:06:47,407,0.5,0.2,9.8,39,19.1927,72.619,0.5385164807134505,0.5385164807134505,1.2585741772849506,0.9879430626127407,-0.1354053815799181,0,0,0,0,0.35959262208141446,0.043084441522478104,0,0,0.0,6,366,0,0,0.31796875,0,0,0.6026666666666667,0.0,1.0,1.0,62.0,0.468975942144778,medium
ACC227,TRIP025,2024-02-06 06:08:09,489,1.0,1.6,9.1,53,28.6686,77.2347,2.012461179749811,1.886796226411321,1.758315118279503,1.6654349111870868,0.49974094099455235,0,0,1,1,0.502375748079858,0.159011843528243,0,0,0.0,6,368,0,0,0.38203125,0,0,0.6026666666666667,0.0,1.0,1.0,62.0,0.5475066614439219,medium
ACC152,TRIP025,2024-02-06 06:09:07,547,2.5,0.6,8.9,37,12.8336,77.5208,2.723967694375247,2.570992026436488,2.4094720110001604,2.2921551924457915,0.6511568927206575,0,0,1,1,0.6884205745714744,0.20719066509054096,0,0,0.0,6,369,0,0,0.42734375,0,0,0.6026666666666667,0.0,1.0,1.0,62.0,0.649831316014311,medium
ACC202,TRIP025,2024-02-06 06:09:40,580,2.1,1.2,9.2,19,28.6418,77.2425,2.491987158875423,2.4186773244895647,2.584556787113525,2.4659960888948373,0.1750847761133647,0,1,1,0,0.7384447963181501,0.05570997038607507,1,0,1.0,6,369,0,0,0.453125,0,0,0.2866666666666667,0.0,0.0,0.0,73.0,0.5351446379749826,medium
ACC209,TRIP025,2024-02-06 06:18:06,1086,1.6,1.8,9.0,46,19.1688,72.6353,2.5377155080899043,2.4083189157584592,2.2481151623045172,2.155706062311232,-0.33644162480900786,0,0,1,1,0.6423186178012906,0.10705187150376172,0,0,1.0,6,378,0,0,0.8484375,0,0,0.9298799999999999,1.0,1.0,1.0,96.0,0.7717212397907098,high
ACC058,TRIP025,2024-02-06 06:21:20,1280,1.0,1.3,9.3,9,19.1861,72.6143,1.7146428199482249,1.6401219466856727,2.1261791640190646,2.0242204312220657,-0.12193599828545265,0,0,1,1,0.6074797611483042,0.03879863803281601,1,0,1.0,6,381,0,0,1.0,0,1,0.9298799999999999,1.0,1.0,1.0,96.0,0.7525598686315673,high
ACC045,TRIP026,2024-02-06 06:05:18,318,0.7,1.6,8.6,24,19.1937,72.6236,2.11896201004171,1.746424919657298,2.021250208104422,1.8349816629122162,0.0,0,0,1,1,0.5775000594584062,0.0,0,0,0.0,6,365,0,0,0.17696160267111852,0,0,0.6799999999999999,1.0,0.0,0.0,96.0,0.6236250327021234,medium
ACC164,TRIP026,2024-02-06 06:05:23,323,0.3,1.9,9.8,19,12.8561,77.5164,1.9235384061671343,1.9235384061671343,2.35524790259168,2.1619962979633924,0.333997694487258,0,0,1,1,0.6729279721690514,0.10627424086749122,1,0,0.0,6,365,0,0,0.17974401780745689,0,0,0.6799999999999999,1.0,0.0,0.0,96.0,0.6761103846929784,medium
ACC102,TRIP026,2024-02-06 06:08:30,510,2.8,0.3,8.7,29,28.658,77.2273,3.023243291566195,2.8160255680657444,2.269858432917682,2.0245767935485044,-0.08538946967399808,0,0,1,1,0.6485309808336234,0.02716995122260644,0,0,0.0,6,368,0,0,0.2838063439065108,0,0,0.8112266666666668,1.0,1.0,0.0,86.0,0.7217440394584929,high
ACC119,TRIP026,2024-02-06 06:12:38,758,0.3,1.3,8.5,26,19.1797,72.6271,1.8627936010197164,1.3341664064126335,2.262012297528637,1.9843225374034574,-0.007846135389044662,0,0,0,1,0.6462892278653249,0.0024965504133025993,0,0,0.0,6,372,0,0,0.4218141346688926,0,0,0.5266666666666667,1.0,0.0,0.0,85.0,0.5924590753259288,medium
ACC236,TRIP026,2024-02-06 06:17:03,1023,1.8,0.1,9.2,15,28.6556,77.2298,1.9000000000000004,1.8027756377319946,2.1443331951944846,1.8407713775066468,-0.11767910233415257,0,0,1,1,0.6126666271984241,0.037444142498435695,1,0,0.0,6,377,0,0,0.5692821368948247,0,0,0.30000000000000004,0.0,0.0,0.0,51.0,0.4719666449591333,medium
ACC098,TRIP026,2024-02-06 06:17:35,1055,2.0,1.3,8.6,60,28.6441,77.2287,2.6702059845637383,2.3853720883753127,2.1234019948545795,1.9335330919223388,-0.020931200339905143,0,0,1,1,0.6066862842441656,0.006660068207906913,0,0,0.0,6,377,0,0,0.5870895937673901,0,0,0.30000000000000004,0.0,0.0,0.0,51.0,0.46867745633429114,medium
ACC126,TRIP026,2024-02-06 06:23:36,1416,0.8,1.4,9.0,35,19.1695,72.6189,1.8000000000000003,1.6124515496597098,2.4950562236333353,2.3174936595246183,0.37165422877875587,0,0,1,1,0.7128732067523815,0.11825611877138872,0,0,0.0,6,383,0,0,0.7879799666110183,0,0,0.6288800000000001,0.0,1.0,1.0,66.0,0.6750762637138099,medium
ACC124,TRIP026,2024-02-06 06:23:56,1436,2.7,1.2,9.2,12,12.8336,77.5245,3.0149626863362675,2.9546573405388314,2.5790968418589197,2.4376716445825792,0.0840406182255844,0,1,1,0,0.7368848119596914,0.026740762141097232,1,0,1.0,6,383,0,0,0.7991096271563717,0,0,0.6288800000000001,0.0,1.0,1.0,66.0,0.6882826465778303,medium
ACC190,TRIP026,2024-02-06 06:29:57,1797,2.3,1.5,8.8,28,28.6419,77.2515,2.9223278392404914,2.745906043549196,2.968645262788379,2.850281692044014,0.3895484209294593,0,1,1,0,0.8481843607966797,0.12394984575855383,0,0,2.0,6,389,0,0,1.0,0,1,0.6599999999999999,1.0,0.0,0.0,93.0,0.7635013984381738,high
ACC113,TRIP027,2024-02-06 06:00:39,39,2.3,0.2,9.7,14,12.8301,77.4926,2.3108440016582685,2.308679276123039,1.8642943447670262,1.6015532335614773,0.0,0,0,1,1,0.5326555270762932,0.0,1,0,0.0,6,360,0,0,0.02997694081475788,1,0,0.5266666666666666,1.0,0.0,0.0,97.0,0.5299605398919612,medium
ACC210,TRIP027,2024-02-06 06:04:59,299,0.8,0.4,8.7,48,28.6699,77.2348,1.4177446878757838,0.894427190999916,2.265387006523216,2.022223559926075,0.40109266175618963,0,0,0,1,0.6472534304352046,0.12762309096503854,0,0,0.0,6,364,0,0,0.22982321291314373,0,0,0.5333333333333333,1.0,0.0,0.0,98.0,0.5959893867393625,medium
ACC118,TRIP027,2024-02-06 06:10:17,617,2.6,1.2,8.7,36,28.647,77.2532,3.067572330035594,2.863564212655271,2.5813837217571476,2.2751879112302604,0.3159967152339318,0,1,1,0,0.7375382062163279,0.10054653544738185,0,0,1.0,6,370,0,0,0.47425057647963104,0,0,0.5333333333333333,1.0,0.0,0.0,98.0,0.6456460134189803,medium
ACC241,TRIP027,2024-02-06 06:15:51,951,2.9,1.0,8.7,8,28.6443,77.2565,3.2588341473600653,3.0675723300355937,3.1362044929600494,2.93679085082282,0.5548207712029019,0,1,1,0,0.8960584265600141,0.1765376146312108,1,0,2.0,6,375,0,0,0.7309761721752498,0,0,0.5066666666666666,0.0,0.0,0.0,82.0,0.7208321346080078,high
ACC120,TRIP027,2024-02-06 06:21:41,1301,2.7,1.0,8.7,11,12.8242,77.5277,3.082207001484489,2.879236009777594,3.1705205744222775,2.973404169906594,0.03431608146222809,0,1,1,0,0.9058630212635078,0.010918984074258056,1,0,3.0,6,381,0,0,1.0,0,1,0.7622,1.0,1.0,0.0,93.0,0.8412146616949294,high
ACC071,TRIP028,2024-02-06 06:00:04,4,3.0,0.6,9.5,29,12.8561,77.4959,3.0740852297878796,3.059411708155671,2.1946899367922352,2.051721179523363,0.0,0,0,1,1,0.6270542676549243,0.0,0,0,0.0,6,360,0,0,0.003147128245476003,1,0,0.39333333333333337,0.0,0.0,0.0,77.0,0.5218798472102084,medium
ACC187,TRIP028,2024-02-06 06:01:03,63,0.3,1.0,9.0,43,28.6582,77.2437,1.3152946437965911,1.044030650891055,2.4199732974886454,2.2370411070425953,0.2252833606964102,0,0,0,1,0.691420942139613,0.07168258503952511,0,0,0.0,6,361,0,0,0.04956726986624705,1,0,0.39333333333333337,0.0,0.0,0.0,77.0,0.5572815181767872,medium
ACC074,TRIP028,2024-02-06 06:02:44,164,2.6,0.2,8.6,55,28.6436,77.2638,2.8705400188814654,2.6076809620810595,2.471279046997284,2.2161254752421513,0.05130574950863842,0,0,1,1,0.7060797277135097,0.0163249018516091,0,0,0.0,6,362,0,0,0.12903225806451613,1,0,0.39333333333333337,0.0,0.0,0.0,77.0,0.5653438502424304,medium
ACC180,TRIP028,2024-02-06 06:18:35,1115,2.7,1.3,8.6,17,12.824,77.5167,3.2280024783137953,2.9966648127543394,2.604395105714495,2.389864453028417,0.13311605871721133,0,1,1,0,0.7441128873469987,0.0423560052088435,1,0,1.0,6,378,0,0,0.8772619984264359,0,1,0.7450666666666667,0.0,0.0,0.0,,0.7445420880408493,high
ACC100,TRIP028,2024-02-06 06:19:38,1178,0.7,1.4,9.1,15,19.184,72.6454,1.714642819948225,1.5652475842498528,2.4032673693376494,2.1618169343904423,-0.20112773637684578,0,0,1,1,0.686647819810757,0.06399654205296207,1,0,1.0,6,379,0,0,0.926829268292683,0,1,0.8593666666666666,1.0,1.0,0.0,97.0,0.7643713008959163,high
ACC135,TRIP028,2024-02-06 06:21:11,1271,0.3,1.9,8.6,48,28.6769,77.2376,2.267156809750927,1.9235384061671343,1.9908998148495762,1.7443929952084938,-0.41236755448807316,0,0,1,1,0.5688285185284504,0.1312106326927825,0,0,1.0,6,381,0,0,1.0,0,1,0.8593666666666666,1.0,1.0,0.0,97.0,0.6995706851906478,medium
ACC043,TRIP029,2024-02-06 06:01:01,61,0.4,0.5,9.3,35,28.6408,77.2422,0.812403840463596,0.6403124237432849,1.8035207814800103,1.5820991582840387,0.0,0,0,0,1,0.5152916518514316,0.0,0,0,0.0,6,361,0,0,0.03588235294117647,1,0,0.5866666666666667,0.0,0.0,0.0,82.0,0.5474104085182874,medium
ACC106,TRIP029,2024-02-06 06:13:04,784,2.1,1.4,8.6,26,28.6405,77.2314,2.7946377224964243,2.5238858928247927,1.7045644934306525,1.4994549076602368,-0.09895628804935774,0,0,1,1,0.48701842669447215,0.031486757439014273,0,0,0.0,6,373,0,0,0.4611764705882353,0,0,0.35333333333333333,0.0,0.0,0.0,71.0,0.4268601346819597,low
ACC191,TRIP029,2024-02-06 06:13:36,816,1.3,0.3,9.1,42,19.1823,72.6431,1.506651917331937,1.3341664064126335,2.067096546609454,1.9184729651128178,0.36253205317880144,0,0,0,1,0.5905990133169868,0.11535354697839063,0,0,0.0,6,373,0,0,0.48,0,0,0.6866666666666666,1.0,0.0,0.0,97.0,0.6338294573243428,medium
ACC171,TRIP029,2024-02-06 06:28:20,1700,0.6,1.8,9.7,51,12.8412,77.5258,1.9000000000000001,1.8973665961010275,1.7033259586659688,1.6157665012568305,-0.36377058794348516,0,0,1,1,0.48666455961884825,0.11574763455467413,0,0,0.0,6,388,0,0,1.0,0,1,0.52,0.0,0.0,0.0,84.0,0.5016655077903666,medium
ACC085,TRIP030,2024-02-06 06:08:31,511,2.0,0.8,9.2,55,19.2017,72.6184,2.2360679774997902,2.154065922853802,1.7011291782344256,1.577032961426901,0.0,0,0,1,1,0.48603690806697875,0.0,0,0,0.0,6,368,0,0,0.28643497757847536,0,0,0.29333333333333333,0.0,0.0,0.0,50.0,0.39932029943683833,low
ACC060,TRIP030,2024-02-06 06:10:29,629,0.8,0.6,9.2,5,12.8552,77.5226,1.1661903789690609,1.0,2.1701041366842873,2.0203180978678428,0.4689749584498617,0,0,0,1,0.6200297533383677,0.14922246026768213,1,0,0.0,6,370,0,0,0.35257847533632286,0,0,0.4933333333333333,0.0,0.0,0.0,68.0,0.5630163643361022,medium
ACC212,TRIP030,2024-02-06 06:11:01,661,2.6,1.3,8.7,4,28.663,77.2648,3.108054053584011,2.906888370749727,1.9559940592013316,1.8067209885972941,-0.21411007748295563,0,0,1,1,0.5588554454860948,0.06812737429673758,1,0,0.0,6,371,0,0,0.37051569506726456,0,0,0.4933333333333333,0.0,0.0,0.0,68.0,0.5293704950173521,medium
ACC243,TRIP030,2024-02-06 06:18:32,1112,1.5,0.2,9.3,18,12.8406,77.5288,1.5937377450509227,1.5132745950421556,2.2495802492269354,2.086213532292302,0.2935861900256038,0,0,1,1,0.6427372140648387,0.09341576301012572,1,0,0.0,6,378,0,0,0.6233183856502242,0,0,0.6,1.0,0.0,0.0,96.0,0.6235054677356613,medium
ACC206,TRIP030,2024-02-06 06:19:34,1174,1.3,1.3,8.9,25,19.2003,72.633,2.0469489490458725,1.8384776310850237,1.9323575197938592,1.797120010521431,-0.3172227294330763,0,0,1,1,0.5521021485125311,0.1009366391231179,0,0,0.0,6,379,0,0,0.6580717488789237,0,0,0.6,1.0,0.0,0.0,96.0,0.5736561816818921,medium
ACC157,TRIP030,2024-02-06 06:29:43,1783,2.0,0.4,9.1,16,12.8206,77.4951,2.1563858652847827,2.039607805437114,1.8292860240657225,1.5614370704506644,-0.10307149572813668,0,0,1,1,0.5226531497330635,0.03279616938793713,1,0,0.0,6,389,0,0,0.999439461883408,0,1,0.5133333333333334,0.0,0.0,0.0,83.0,0.518459232353185,medium
ACC089,TRIP030,2024-02-06 06:29:44,1784,0.8,0.1,8.8,21,12.834,77.5221,1.284523257866513,0.806225774829855,1.7204545615756477,1.4229167901334847,-0.1088314624900748,0,0,0,1,0.49155844616447075,0.034628924838500004,0,0,0.0,6,389,0,0,1.0,0,1,0.5133333333333334,0.0,0.0,0.0,83.0,0.501357145390459,medium
